// 4.22.1 0xdd0f9e4f D2 R0 FRGB565 U565 N0 SExtFlashSection
// Generated by imageconverter. Please, do not edit!

#include <touchgfx/hal/Config.hpp>

LOCATION_PRAGMA("ExtFlashSection")
KEEP extern const unsigned char image_charge_progess_02[] LOCATION_ATTRIBUTE("ExtFlashSection") = { // 47x235 RGB565 pixels.
    0x00, 0x00, 0x00, 0x00, 0x00, 0x00, 0x00, 0x00, 0x00, 0x00, 0x00, 0x00,
    0x00, 0x00, 0x00, 0x00, 0x00, 0x00, 0x00, 0x00, 0x00, 0x00, 0x40, 0x00,
    0x41, 0x02, 0x03, 0x0c, 0xc2, 0x61, 0x41, 0x88, 0x42, 0x88, 0x41, 0x88,
    0x41, 0x88, 0x42, 0x88, 0x41, 0x88, 0x41, 0x88, 0x42, 0x88, 0x41, 0x88,
    0x41, 0x88, 0x42, 0x88, 0x41, 0x88, 0x41, 0x88, 0x42, 0x88, 0x41, 0x88,
    0x41, 0x88, 0x42, 0x88, 0x41, 0x88, 0x41, 0x88, 0x42, 0x88, 0x41, 0x88,
    0x41, 0x88, 0x42, 0x88, 0x41, 0x88, 0x41, 0x88, 0x42, 0x88, 0x41, 0x88,
    0x41, 0x88, 0x42, 0x88, 0xc2, 0x61, 0x00, 0x00, 0x00, 0x00, 0x00, 0x00,
    0x00, 0x00, 0x00, 0x00, 0x00, 0x00, 0x00, 0x00, 0x00, 0x00, 0x00, 0x00,
    0x00, 0x00, 0x00, 0x00, 0x00, 0x00, 0x00, 0x00, 0x80, 0x00, 0x82, 0x03,
    0xc4, 0x44, 0x82, 0xa1, 0x42, 0xc0, 0x42, 0xc0, 0x42, 0xc0, 0x42, 0xc0,
    0x42, 0xc0, 0x42, 0xc0, 0x42, 0xc0, 0x42, 0xc0, 0x42, 0xc0, 0x42, 0xc0,
    0x42, 0xc0, 0x42, 0xc0, 0x42, 0xc0, 0x42, 0xc0, 0x42, 0xc0, 0x42, 0xc0,
    0x42, 0xc0, 0x42, 0xc0, 0x42, 0xc0, 0x42, 0xc0, 0x42, 0xc0, 0x42, 0xc0,
    0x42, 0xc0, 0x42, 0xc0, 0x42, 0xc0, 0x42, 0xc0, 0x42, 0xc0, 0x42, 0xc0,
    0xc2, 0xb0, 0x83, 0x7b, 0x00, 0x00, 0x00, 0x00, 0x00, 0x00, 0x00, 0x00,
    0x00, 0x00, 0x00, 0x00, 0x00, 0x00, 0x00, 0x00, 0x00, 0x00, 0x00, 0x00,
    0x00, 0x00, 0x00, 0x00, 0x00, 0x00, 0xc0, 0x00, 0x43, 0x0c, 0x23, 0x5c,
    0x42, 0xb1, 0x42, 0xc0, 0x42, 0xc0, 0x42, 0xc0, 0x42, 0xc0, 0x42, 0xc0,
    0x42, 0xc0, 0x42, 0xc0, 0x42, 0xc0, 0x42, 0xc0, 0x42, 0xc0, 0x42, 0xc0,
    0x42, 0xc0, 0x42, 0xc0, 0x42, 0xc0, 0x42, 0xc0, 0x42, 0xc0, 0x42, 0xc0,
    0x42, 0xc0, 0x42, 0xc0, 0x42, 0xc0, 0x42, 0xc0, 0x42, 0xc0, 0x42, 0xc0,
    0x42, 0xc0, 0x42, 0xc0, 0x42, 0xc0, 0x42, 0xc0, 0x42, 0xc0, 0xc2, 0xb0,
    0x24, 0x5c, 0x00, 0x00, 0x00, 0x00, 0x00, 0x00, 0x00, 0x00, 0x00, 0x00,
    0x00, 0x00, 0x00, 0x00, 0x00, 0x00, 0x00, 0x00, 0x00, 0x00, 0x00, 0x00,
    0x00, 0x00, 0x00, 0x00, 0x81, 0x01, 0xe3, 0x14, 0x83, 0x7b, 0xc3, 0xb8,
    0x42, 0xc0, 0x42, 0xc0, 0x42, 0xc0, 0x42, 0xc0, 0x42, 0xc0, 0x42, 0xc0,
    0x42, 0xc0, 0x42, 0xc0, 0x42, 0xc0, 0x42, 0xc0, 0x42, 0xc0, 0x42, 0xc0,
    0x42, 0xc0, 0x42, 0xc0, 0x42, 0xc0, 0x42, 0xc0, 0x42, 0xc0, 0x42, 0xc0,
    0x42, 0xc0, 0x42, 0xc0, 0x42, 0xc0, 0x42, 0xc0, 0x42, 0xc0, 0x42, 0xc0,
    0x42, 0xc0, 0x42, 0xc0, 0x42, 0xc0, 0x82, 0xc0, 0xa3, 0xa1, 0xc4, 0x44,
    0x00, 0x00, 0x00, 0x00, 0x00, 0x00, 0x00, 0x00, 0x00, 0x00, 0x00, 0x00,
    0x00, 0x00, 0x00, 0x00, 0x00, 0x00, 0x00, 0x00, 0x00, 0x00, 0x00, 0x00,
    0x40, 0x00, 0x42, 0x02, 0x23, 0x15, 0xa3, 0x92, 0x62, 0xc0, 0x82, 0xc0,
    0x82, 0xc0, 0x83, 0xc0, 0x82, 0xc0, 0x82, 0xc0, 0x83, 0xc0, 0x82, 0xc0,
    0x82, 0xc0, 0x83, 0xc0, 0x82, 0xc0, 0x82, 0xc0, 0x83, 0xc0, 0x82, 0xc0,
    0x82, 0xc0, 0x83, 0xc0, 0x82, 0xc0, 0x82, 0xc0, 0x83, 0xc0, 0x82, 0xc0,
    0x82, 0xc0, 0x83, 0xc0, 0x82, 0xc0, 0x82, 0xc0, 0x83, 0xc0, 0x82, 0xc0,
    0x82, 0xc0, 0x83, 0xc0, 0x82, 0xc0, 0xa3, 0x92, 0x43, 0x1d, 0x00, 0x00,
    0x00, 0x00, 0x00, 0x00, 0x00, 0x00, 0x00, 0x00, 0x00, 0x00, 0x00, 0x00,
    0x00, 0x00, 0x00, 0x00, 0x00, 0x00, 0x00, 0x00, 0x00, 0x00, 0x80, 0x00,
    0x42, 0x03, 0xc4, 0x44, 0x83, 0xa1, 0x82, 0xc0, 0x62, 0xc0, 0x82, 0xc0,
    0x62, 0xc0, 0x62, 0xc0, 0x82, 0xc0, 0x62, 0xc0, 0x62, 0xc0, 0x82, 0xc0,
    0x62, 0xc0, 0x62, 0xc0, 0x82, 0xc0, 0x62, 0xc0, 0x62, 0xc0, 0x82, 0xc0,
    0x62, 0xc0, 0x62, 0xc0, 0x82, 0xc0, 0x62, 0xc0, 0x62, 0xc0, 0x82, 0xc0,
    0x62, 0xc0, 0x62, 0xc0, 0x82, 0xc0, 0x62, 0xc0, 0x62, 0xc0, 0x82, 0xc0,
    0x42, 0xc0, 0xc2, 0xb0, 0x83, 0x7b, 0xe3, 0x14, 0x00, 0x00, 0x00, 0x00,
    0x00, 0x00, 0x00, 0x00, 0x00, 0x00, 0x00, 0x00, 0x00, 0x00, 0x00, 0x00,
    0x00, 0x00, 0x00, 0x00, 0x00, 0x00, 0x00, 0x00, 0xc0, 0x00, 0x03, 0x0c,
    0x23, 0x5c, 0x82, 0xa1, 0x82, 0xc0, 0x62, 0xc0, 0x62, 0xc0, 0x82, 0xc0,
    0x62, 0xc0, 0x82, 0xc0, 0x62, 0xc0, 0x83, 0xc0, 0x62, 0xc0, 0x82, 0xc0,
    0x62, 0xc0, 0x83, 0xc0, 0x62, 0xc0, 0x82, 0xc0, 0x62, 0xc0, 0x82, 0xc0,
    0x63, 0xc0, 0x82, 0xc0, 0x62, 0xc0, 0x82, 0xc0, 0x63, 0xc0, 0x82, 0xc0,
    0x62, 0xc0, 0x82, 0xc0, 0x62, 0xc0, 0x63, 0xc0, 0x82, 0xc0, 0x82, 0xc0,
    0x43, 0xb9, 0x23, 0x5c, 0x43, 0x0c, 0x00, 0x00, 0x00, 0x00, 0x00, 0x00,
    0x00, 0x00, 0x00, 0x00, 0x00, 0x00, 0x00, 0x00, 0x00, 0x00, 0x00, 0x00,
    0x00, 0x00, 0x00, 0x00, 0x00, 0x00, 0x01, 0x01, 0xe3, 0x14, 0x83, 0x7b,
    0x43, 0xb9, 0x82, 0xc0, 0xa2, 0xc0, 0xa2, 0xc8, 0x83, 0xc0, 0xa2, 0xc0,
    0xa2, 0xc0, 0x82, 0xc0, 0xa2, 0xc0, 0xa2, 0xc0, 0x82, 0xc0, 0xa2, 0xc0,
    0x82, 0xc0, 0xa2, 0xc0, 0xa3, 0xc0, 0x82, 0xc0, 0xa2, 0xc0, 0xa2, 0xc0,
    0x82, 0xc0, 0xa2, 0xc0, 0x82, 0xc0, 0xa2, 0xc0, 0xa2, 0xc0, 0x83, 0xc0,
    0xa2, 0xc0, 0xa2, 0xc0, 0x82, 0xc0, 0xa2, 0xc0, 0x82, 0xc0, 0x83, 0xa1,
    0xc4, 0x44, 0x82, 0x03, 0x00, 0x00, 0x00, 0x00, 0x00, 0x00, 0x00, 0x00,
    0x00, 0x00, 0x00, 0x00, 0x00, 0x00, 0x00, 0x00, 0x00, 0x00, 0x00, 0x00,
    0x00, 0x00, 0x00, 0x00, 0xc1, 0x01, 0xe3, 0x14, 0xa3, 0x92, 0xc2, 0xc0,
    0x82, 0xc0, 0xa2, 0xc0, 0x82, 0xc8, 0x82, 0xc0, 0xa2, 0xc0, 0x82, 0xc8,
    0x83, 0xc0, 0xa2, 0xc8, 0x82, 0xc0, 0x83, 0xc0, 0xa2, 0xc8, 0x82, 0xc0,
    0x82, 0xc0, 0xa2, 0xc8, 0x82, 0xc0, 0x82, 0xc0, 0xa2, 0xc8, 0x83, 0xc0,
    0xa2, 0xc0, 0x82, 0xc8, 0x82, 0xc0, 0xa2, 0xc0, 0x82, 0xc8, 0x82, 0xc0,
    0xa2, 0xc0, 0x82, 0xc8, 0xa2, 0xc0, 0xc2, 0xc8, 0xa3, 0x92, 0x24, 0x35,
    0xa2, 0x02, 0x00, 0x00, 0x00, 0x00, 0x00, 0x00, 0x00, 0x00, 0x00, 0x00,
    0x00, 0x00, 0x00, 0x00, 0x00, 0x00, 0x00, 0x00, 0x00, 0x00, 0x00, 0x00,
    0x40, 0x00, 0xa2, 0x02, 0xe3, 0x14, 0x23, 0xaa, 0x82, 0xc0, 0xa2, 0xc8,
    0x82, 0xc0, 0xa2, 0xc0, 0xa2, 0xc0, 0x82, 0xc8, 0xa2, 0xc0, 0xa2, 0xc0,
    0x82, 0xc8, 0xa2, 0xc0, 0xa2, 0xc0, 0x82, 0xc8, 0xa2, 0xc0, 0xa2, 0xc0,
    0x82, 0xc8, 0xa2, 0xc0, 0x82, 0xc0, 0x82, 0xc8, 0xa2, 0xc0, 0xa2, 0xc0,
    0x82, 0xc8, 0xa3, 0xc0, 0xa2, 0xc0, 0x82, 0xc8, 0xa2, 0xc0, 0x83, 0xc0,
    0xa2, 0xc8, 0x82, 0xc0, 0xc2, 0xb8, 0x83, 0x7b, 0xe3, 0x14, 0xc1, 0x01,
    0x00, 0x00, 0x00, 0x00, 0x00, 0x00, 0x00, 0x00, 0x00, 0x00, 0x00, 0x00,
    0x00, 0x00, 0x00, 0x00, 0x00, 0x00, 0x00, 0x00, 0x00, 0x00, 0x80, 0x00,
    0x82, 0x03, 0xc4, 0x44, 0x82, 0xa1, 0x82, 0xc0, 0xc3, 0xc8, 0xc2, 0xc8,
    0xc3, 0xc0, 0xc3, 0xc8, 0xc2, 0xc0, 0xc3, 0xc0, 0xc2, 0xc8, 0xc2, 0xc0,
    0xc3, 0xc0, 0xc2, 0xc8, 0xc3, 0xc0, 0xc3, 0xc8, 0xc2, 0xc0, 0xc3, 0xc8,
    0xc3, 0xc0, 0xc2, 0xc8, 0xc3, 0xc0, 0xc2, 0xc0, 0xc2, 0xc8, 0xc3, 0xc0,
    0xc2, 0xc8, 0xc2, 0xc0, 0xc3, 0xc8, 0xc2, 0xc0, 0xc2, 0xc0, 0xc3, 0xc8,
    0xc2, 0xc0, 0x43, 0xb1, 0x23, 0x5c, 0x43, 0x0c, 0x41, 0x01, 0x00, 0x00,
    0x00, 0x00, 0x00, 0x00, 0x00, 0x00, 0x00, 0x00, 0x00, 0x00, 0x00, 0x00,
    0x00, 0x00, 0x00, 0x00, 0x00, 0x00, 0x00, 0x00, 0xc0, 0x00, 0x83, 0x14,
    0x23, 0x5c, 0x42, 0xb9, 0xc2, 0xc0, 0xc2, 0xc0, 0xc2, 0xc0, 0xa2, 0xc8,
    0xc2, 0xc0, 0xc2, 0xc0, 0xa3, 0xc8, 0xc2, 0xc0, 0xa2, 0xc0, 0xc3, 0xc8,
    0xa2, 0xc0, 0xc2, 0xc0, 0xc2, 0xc8, 0xa2, 0xc0, 0xc2, 0xc0, 0xc2, 0xc8,
    0xc2, 0xc0, 0xc3, 0xc0, 0xa2, 0xc8, 0xc2, 0xc0, 0xc3, 0xc0, 0xa2, 0xc8,
    0xc2, 0xc0, 0xc2, 0xc0, 0xa2, 0xc8, 0xc2, 0xc0, 0xc2, 0xc0, 0xc3, 0xc8,
    0x42, 0xb9, 0xa4, 0x44, 0xa2, 0x0b, 0xc0, 0x00, 0x00, 0x00, 0x00, 0x00,
    0x00, 0x00, 0x00, 0x00, 0x00, 0x00, 0x00, 0x00, 0x00, 0x00, 0x00, 0x00,
    0x00, 0x00, 0x00, 0x00, 0x00, 0x00, 0x41, 0x01, 0xe3, 0x14, 0x83, 0x7b,
    0x43, 0xb9, 0xe2, 0xc8, 0xe2, 0xc0, 0xc3, 0xc8, 0xe2, 0xc8, 0xe2, 0xc0,
    0xc2, 0xc8, 0xe2, 0xc8, 0xe2, 0xc8, 0xe2, 0xc8, 0xe2, 0xc8, 0xe2, 0xc0,
    0xc2, 0xc8, 0xe2, 0xc8, 0xe3, 0xc0, 0xc2, 0xc8, 0xe2, 0xc8, 0xe2, 0xc0,
    0xc2, 0xc8, 0xe2, 0xc8, 0xe2, 0xc8, 0xc2, 0xc0, 0xe3, 0xc8, 0xe2, 0xc8,
    0xc2, 0xc0, 0xe3, 0xc8, 0xe2, 0xc8, 0xc2, 0xc0, 0xe2, 0xc8, 0x83, 0xa1,
    0x24, 0x35, 0x02, 0x03, 0x80, 0x00, 0x00, 0x00, 0x00, 0x00, 0x00, 0x00,
    0x00, 0x00, 0x00, 0x00, 0x00, 0x00, 0x00, 0x00, 0x00, 0x00, 0x00, 0x00,
    0x00, 0x00, 0x40, 0x00, 0x42, 0x02, 0x23, 0x15, 0xa3, 0x92, 0xc2, 0xc0,
    0xe3, 0xc0, 0xe2, 0xc8, 0xe2, 0xc0, 0xe3, 0xc0, 0xe2, 0xc8, 0xe3, 0xc0,
    0xe2, 0xc0, 0xc3, 0xc0, 0xe2, 0xc8, 0xe2, 0xc0, 0xe3, 0xc0, 0xe2, 0xc8,
    0xe2, 0xc0, 0xe3, 0xc0, 0xc2, 0xc8, 0xe2, 0xc0, 0xe3, 0xc8, 0xe2, 0xc0,
    0xe3, 0xc0, 0xe2, 0xc8, 0xe2, 0xc0, 0xe2, 0xc0, 0xe3, 0xc8, 0xe2, 0xc0,
    0xe2, 0xc8, 0xe3, 0xc0, 0xc2, 0xc0, 0x42, 0xb1, 0xa3, 0x92, 0x23, 0x15,
    0x01, 0x02, 0x00, 0x00, 0x00, 0x00, 0x00, 0x00, 0x00, 0x00, 0x00, 0x00,
    0x00, 0x00, 0x00, 0x00, 0x00, 0x00, 0x00, 0x00, 0x00, 0x00, 0x00, 0x00,
    0x40, 0x00, 0x02, 0x03, 0xe3, 0x14, 0x23, 0xaa, 0xe2, 0xc8, 0xc2, 0xc0,
    0xe2, 0xc8, 0xc2, 0xc8, 0xe2, 0xc0, 0xc2, 0xc8, 0xe2, 0xc8, 0xe3, 0xc0,
    0xc2, 0xc0, 0xe2, 0xc8, 0xc3, 0xc0, 0xc2, 0xc8, 0xe2, 0xc8, 0xe2, 0xc0,
    0xc2, 0xc8, 0xe2, 0xc0, 0xe3, 0xc8, 0xc2, 0xc0, 0xe2, 0xc8, 0xc3, 0xc0,
    0xe2, 0xc8, 0xc2, 0xc8, 0xc2, 0xc0, 0xe2, 0xc8, 0xc2, 0xc0, 0xe2, 0xc8,
    0xc3, 0xc8, 0xe2, 0xc0, 0x43, 0xb9, 0x83, 0x7b, 0xe3, 0x14, 0x41, 0x01,
    0x00, 0x00, 0x00, 0x00, 0x00, 0x00, 0x00, 0x00, 0x00, 0x00, 0x00, 0x00,
    0x00, 0x00, 0x00, 0x00, 0x00, 0x00, 0x00, 0x00, 0x00, 0x00, 0x80, 0x00,
    0xa2, 0x0b, 0xc4, 0x44, 0xc2, 0xb9, 0xe2, 0xc0, 0x03, 0xc9, 0x02, 0xc9,
    0x03, 0xc9, 0x02, 0xc9, 0x02, 0xc9, 0x02, 0xc9, 0x02, 0xc9, 0x02, 0xc9,
    0x02, 0xc9, 0x03, 0xc9, 0x02, 0xc9, 0x02, 0xc9, 0x03, 0xc9, 0x02, 0xc9,
    0x02, 0xc9, 0x03, 0xc9, 0x02, 0xc9, 0x02, 0xc9, 0x02, 0xc9, 0x03, 0xc9,
    0x02, 0xc9, 0x03, 0xc9, 0x02, 0xc9, 0x02, 0xc9, 0x03, 0xc9, 0x02, 0xc9,
    0x02, 0xc9, 0x22, 0xb9, 0x24, 0x5c, 0x43, 0x0c, 0x01, 0x01, 0x00, 0x00,
    0x00, 0x00, 0x00, 0x00, 0x00, 0x00, 0x00, 0x00, 0x00, 0x00, 0x00, 0x00,
    0x00, 0x00, 0x00, 0x00, 0x00, 0x00, 0x00, 0x00, 0xc0, 0x00, 0x83, 0x0c,
    0x24, 0x5c, 0xc2, 0xb9, 0x02, 0xc9, 0x02, 0xc9, 0x02, 0xc9, 0x03, 0xc1,
    0x02, 0xc9, 0x03, 0xc9, 0x03, 0xc1, 0x02, 0xc9, 0x02, 0xc9, 0x03, 0xc9,
    0x02, 0xc9, 0x02, 0xc1, 0x03, 0xc9, 0x02, 0xc9, 0x02, 0xc1, 0x02, 0xc9,
    0x02, 0xc9, 0x02, 0xc9, 0x02, 0xc1, 0x02, 0xc9, 0x02, 0xc9, 0x02, 0xc1,
    0x03, 0xc9, 0x02, 0xc9, 0x02, 0xc1, 0x03, 0xc9, 0x02, 0xc9, 0x02, 0xc1,
    0xc2, 0xb9, 0xc4, 0x44, 0x82, 0x03, 0x80, 0x00, 0x00, 0x00, 0x00, 0x00,
    0x00, 0x00, 0x00, 0x00, 0x00, 0x00, 0x00, 0x00, 0x00, 0x00, 0x00, 0x00,
    0x00, 0x00, 0x00, 0x00, 0x00, 0x00, 0x41, 0x01, 0x23, 0x15, 0x83, 0x7b,
    0x43, 0xb1, 0x02, 0xc9, 0x02, 0xc9, 0x02, 0xc1, 0x02, 0xc9, 0x02, 0xc9,
    0x02, 0xc9, 0x02, 0xc1, 0x02, 0xc9, 0x03, 0xc9, 0x02, 0xc1, 0x02, 0xc9,
    0x02, 0xc9, 0x02, 0xc1, 0x03, 0xc9, 0x02, 0xc9, 0x03, 0xc1, 0x02, 0xc9,
    0x03, 0xc9, 0x03, 0xc1, 0x02, 0xc9, 0x02, 0xc9, 0x02, 0xc1, 0x02, 0xc9,
    0x02, 0xc9, 0x02, 0xc1, 0x02, 0xc9, 0x02, 0xc9, 0x03, 0xc1, 0x23, 0xaa,
    0x24, 0x35, 0xe2, 0x02, 0x40, 0x00, 0x00, 0x00, 0x00, 0x00, 0x00, 0x00,
    0x00, 0x00, 0x00, 0x00, 0x00, 0x00, 0x00, 0x00, 0x00, 0x00, 0x00, 0x00,
    0x00, 0x00, 0x40, 0x00, 0x42, 0x02, 0x23, 0x1d, 0xa3, 0x92, 0x22, 0xc9,
    0x22, 0xc9, 0x23, 0xc9, 0x23, 0xc9, 0x22, 0xc9, 0x22, 0xc9, 0x22, 0xc9,
    0x22, 0xc9, 0x23, 0xc9, 0x22, 0xc9, 0x22, 0xc9, 0x22, 0xc9, 0x23, 0xc9,
    0x22, 0xc9, 0x22, 0xc9, 0x22, 0xc9, 0x22, 0xc9, 0x22, 0xc9, 0x22, 0xc9,
    0x22, 0xc9, 0x23, 0xc9, 0x22, 0xc9, 0x23, 0xc9, 0x22, 0xc9, 0x23, 0xc9,
    0x23, 0xc9, 0x22, 0xc9, 0x22, 0xc9, 0x42, 0xc9, 0xa3, 0x92, 0x63, 0x1d,
    0x01, 0x02, 0x00, 0x00, 0x00, 0x00, 0x00, 0x00, 0x00, 0x00, 0x00, 0x00,
    0x00, 0x00, 0x00, 0x00, 0x00, 0x00, 0x00, 0x00, 0x00, 0x00, 0x00, 0x00,
    0x40, 0x00, 0x02, 0x03, 0x24, 0x35, 0x23, 0xaa, 0x22, 0xc9, 0x22, 0xc9,
    0x22, 0xc9, 0x22, 0xc9, 0x23, 0xc9, 0x22, 0xc9, 0x23, 0xc9, 0x22, 0xc9,
    0x22, 0xc9, 0x22, 0xc9, 0x22, 0xc9, 0x23, 0xc9, 0x22, 0xc9, 0x22, 0xc9,
    0x22, 0xc9, 0x23, 0xc9, 0x22, 0xc9, 0x22, 0xc9, 0x22, 0xc9, 0x22, 0xc9,
    0x22, 0xc9, 0x23, 0xc9, 0x22, 0xc9, 0x22, 0xc9, 0x22, 0xc9, 0x22, 0xc9,
    0x22, 0xc9, 0x22, 0xc9, 0x43, 0xb1, 0x83, 0x7b, 0x23, 0x15, 0x41, 0x01,
    0x00, 0x00, 0x00, 0x00, 0x00, 0x00, 0x00, 0x00, 0x00, 0x00, 0x00, 0x00,
    0x00, 0x00, 0x00, 0x00, 0x00, 0x00, 0x00, 0x00, 0x00, 0x00, 0x80, 0x00,
    0xc2, 0x0b, 0xc4, 0x44, 0x23, 0xaa, 0x22, 0xc9, 0x42, 0xc9, 0x22, 0xc9,
    0x42, 0xc9, 0x22, 0xc1, 0x42, 0xc9, 0x22, 0xc9, 0x43, 0xc1, 0x22, 0xc9,
    0x42, 0xc9, 0x43, 0xc1, 0x22, 0xc9, 0x42, 0xc9, 0x42, 0xc1, 0x23, 0xc9,
    0x42, 0xc9, 0x23, 0xc9, 0x43, 0xc1, 0x22, 0xc9, 0x42, 0xc9, 0x42, 0xc9,
    0x22, 0xc1, 0x42, 0xc9, 0x42, 0xc9, 0x23, 0xc9, 0x42, 0xc9, 0x22, 0xc9,
    0x23, 0xc9, 0xc2, 0xb9, 0x23, 0x5c, 0x43, 0x0c, 0x01, 0x01, 0x00, 0x00,
    0x00, 0x00, 0x00, 0x00, 0x00, 0x00, 0x00, 0x00, 0x00, 0x00, 0x00, 0x00,
    0x00, 0x00, 0x00, 0x00, 0x00, 0x00, 0x00, 0x00, 0x80, 0x00, 0x83, 0x0c,
    0x23, 0x5c, 0xc2, 0xb9, 0x42, 0xc9, 0x43, 0xc9, 0x43, 0xc9, 0x42, 0xc9,
    0x62, 0xc9, 0x43, 0xc9, 0x42, 0xc9, 0x42, 0xc9, 0x43, 0xc9, 0x42, 0xc9,
    0x42, 0xc9, 0x42, 0xc9, 0x43, 0xc9, 0x42, 0xc9, 0x42, 0xc9, 0x42, 0xc9,
    0x62, 0xc9, 0x42, 0xc9, 0x43, 0xc9, 0x42, 0xc9, 0x43, 0xc9, 0x42, 0xc9,
    0x42, 0xc9, 0x43, 0xc9, 0x42, 0xc9, 0x62, 0xc9, 0x43, 0xc9, 0x42, 0xc9,
    0xc2, 0xb9, 0xc4, 0x44, 0x03, 0x0c, 0xc0, 0x00, 0x00, 0x00, 0x00, 0x00,
    0x00, 0x00, 0x00, 0x00, 0x00, 0x00, 0x00, 0x00, 0x00, 0x00, 0x00, 0x00,
    0x00, 0x00, 0x00, 0x00, 0x00, 0x00, 0xc0, 0x00, 0xe3, 0x14, 0x83, 0x7b,
    0xc3, 0xb9, 0x42, 0xc9, 0x62, 0xc9, 0x42, 0xc9, 0x42, 0xc9, 0x43, 0xc9,
    0x42, 0xc9, 0x42, 0xc9, 0x62, 0xc9, 0x42, 0xc9, 0x43, 0xc9, 0x42, 0xc9,
    0x62, 0xc9, 0x42, 0xc9, 0x43, 0xc9, 0x42, 0xc9, 0x42, 0xc9, 0x42, 0xc9,
    0x42, 0xc9, 0x42, 0xc9, 0x42, 0xc9, 0x43, 0xc9, 0x62, 0xc9, 0x42, 0xc9,
    0x43, 0xc9, 0x42, 0xc9, 0x42, 0xc9, 0x62, 0xc9, 0x42, 0xc9, 0x23, 0xaa,
    0x24, 0x35, 0x42, 0x03, 0x80, 0x00, 0x00, 0x00, 0x00, 0x00, 0x00, 0x00,
    0x00, 0x00, 0x00, 0x00, 0x00, 0x00, 0x00, 0x00, 0x00, 0x00, 0x00, 0x00,
    0x00, 0x00, 0x00, 0x00, 0x81, 0x01, 0x24, 0x15, 0x83, 0x7b, 0x82, 0xc9,
    0x63, 0xc9, 0x62, 0xc9, 0x82, 0xc9, 0x63, 0xc9, 0x62, 0xc9, 0x83, 0xc9,
    0x63, 0xc9, 0x62, 0xc9, 0x83, 0xc9, 0x62, 0xc9, 0x63, 0xc9, 0x83, 0xc9,
    0x62, 0xc9, 0x83, 0xc9, 0x83, 0xc9, 0x62, 0xc9, 0x63, 0xc9, 0x83, 0xc9,
    0x82, 0xc9, 0x63, 0xc9, 0x62, 0xc9, 0x83, 0xc9, 0x62, 0xc9, 0x62, 0xc9,
    0x83, 0xc9, 0x63, 0xc9, 0x62, 0xc9, 0x83, 0xc9, 0xa3, 0x92, 0x24, 0x35,
    0x41, 0x02, 0x00, 0x00, 0x00, 0x00, 0x00, 0x00, 0x00, 0x00, 0x00, 0x00,
    0x00, 0x00, 0x00, 0x00, 0x00, 0x00, 0x00, 0x00, 0x00, 0x00, 0x00, 0x00,
    0x40, 0x00, 0xa2, 0x02, 0x44, 0x1d, 0xa3, 0x92, 0x62, 0xc9, 0x63, 0xc9,
    0x62, 0xc9, 0x63, 0xc9, 0x82, 0xc9, 0x62, 0xc9, 0x62, 0xc9, 0x63, 0xc9,
    0x62, 0xc9, 0x82, 0xc9, 0x62, 0xc9, 0x62, 0xc9, 0x62, 0xc9, 0x62, 0xc9,
    0x62, 0xc9, 0x62, 0xc9, 0x63, 0xc9, 0x62, 0xc9, 0x62, 0xc9, 0x63, 0xc9,
    0x62, 0xc9, 0x82, 0xc9, 0x63, 0xc9, 0x62, 0xc9, 0x62, 0xc9, 0x83, 0xc9,
    0x62, 0xc9, 0x62, 0xc9, 0x82, 0xc9, 0x83, 0x7b, 0x23, 0x15, 0x81, 0x01,
    0x00, 0x00, 0x00, 0x00, 0x00, 0x00, 0x00, 0x00, 0x00, 0x00, 0x00, 0x00,
    0x00, 0x00, 0x00, 0x00, 0x00, 0x00, 0x00, 0x00, 0x00, 0x00, 0x80, 0x00,
    0x42, 0x03, 0x24, 0x35, 0x22, 0xaa, 0x82, 0xc9, 0xa2, 0xc9, 0x83, 0xc9,
    0x82, 0xc9, 0x83, 0xc9, 0xa2, 0xc9, 0x82, 0xc9, 0x83, 0xc9, 0xa2, 0xc9,
    0x83, 0xc9, 0x83, 0xc9, 0xa2, 0xc9, 0x83, 0xc9, 0x83, 0xc9, 0x82, 0xc9,
    0xa2, 0xc9, 0x83, 0xc9, 0xa2, 0xc9, 0x82, 0xc9, 0x83, 0xc9, 0xa2, 0xc9,
    0x82, 0xc9, 0x83, 0xc9, 0x82, 0xc9, 0xa2, 0xc9, 0x83, 0xc9, 0x82, 0xc9,
    0x82, 0xc9, 0xe3, 0xb9, 0x23, 0x5c, 0xe3, 0x14, 0x41, 0x01, 0x00, 0x00,
    0x00, 0x00, 0x00, 0x00, 0x00, 0x00, 0x00, 0x00, 0x00, 0x00, 0x00, 0x00,
    0x00, 0x00, 0x00, 0x00, 0x00, 0x00, 0x00, 0x00, 0x80, 0x00, 0xe2, 0x0b,
    0xc4, 0x44, 0x23, 0xaa, 0x82, 0xc9, 0xa3, 0xc9, 0x82, 0xd1, 0x82, 0xc9,
    0x83, 0xc9, 0xa3, 0xd1, 0x82, 0xc9, 0x82, 0xc9, 0x83, 0xd1, 0x82, 0xc9,
    0x82, 0xc9, 0xa3, 0xd1, 0x82, 0xc9, 0x82, 0xc9, 0xa3, 0xd1, 0x82, 0xc9,
    0x82, 0xc9, 0xa3, 0xd1, 0x82, 0xc9, 0x83, 0xc9, 0x82, 0xd1, 0x82, 0xc9,
    0x83, 0xc9, 0xa2, 0xc9, 0x83, 0xc9, 0x82, 0xc9, 0x83, 0xc9, 0xa3, 0xc9,
    0xc2, 0xb9, 0x24, 0x5c, 0x43, 0x0c, 0x01, 0x01, 0x00, 0x00, 0x00, 0x00,
    0x00, 0x00, 0x00, 0x00, 0x00, 0x00, 0x00, 0x00, 0x00, 0x00, 0x00, 0x00,
    0x00, 0x00, 0x00, 0x00, 0x00, 0x00, 0xc0, 0x00, 0x83, 0x0c, 0x83, 0x6c,
    0x23, 0xaa, 0x82, 0xc9, 0x82, 0xc9, 0xa3, 0xd1, 0x82, 0xc9, 0x82, 0xc9,
    0x82, 0xc9, 0xa3, 0xc9, 0x82, 0xd1, 0x82, 0xc9, 0xa2, 0xc9, 0x82, 0xd1,
    0x83, 0xc9, 0x82, 0xc9, 0xa2, 0xd1, 0x83, 0xc9, 0x82, 0xc9, 0x83, 0xd1,
    0x82, 0xc9, 0xa2, 0xc9, 0x83, 0xc9, 0x82, 0xd1, 0xa3, 0xc9, 0x82, 0xc9,
    0x82, 0xd1, 0x83, 0xd1, 0x82, 0xc9, 0xa2, 0xc9, 0xc2, 0xd1, 0x23, 0xaa,
    0xc3, 0x44, 0xa2, 0x0b, 0xc0, 0x00, 0x00, 0x00, 0x00, 0x00, 0x00, 0x00,
    0x00, 0x00, 0x00, 0x00, 0x00, 0x00, 0x00, 0x00, 0x00, 0x00, 0x00, 0x00,
    0x00, 0x00, 0x00, 0x00, 0x21, 0x01, 0x24, 0x15, 0x23, 0x5c, 0xc2, 0xb9,
    0xc3, 0xd1, 0xc2, 0xd1, 0xc2, 0xc9, 0xc3, 0xd1, 0xc2, 0xd1, 0xc2, 0xd1,
    0xc3, 0xd1, 0xc3, 0xd1, 0xc2, 0xc9, 0xc3, 0xd1, 0xc3, 0xd1, 0xc2, 0xc9,
    0xc2, 0xd1, 0xa3, 0xd1, 0xc2, 0xc9, 0xc2, 0xd1, 0xc3, 0xd1, 0xc2, 0xd1,
    0xc2, 0xd1, 0xc3, 0xd1, 0xc2, 0xc9, 0xc2, 0xd1, 0xc3, 0xd1, 0xc2, 0xd1,
    0xc2, 0xd1, 0xc3, 0xd1, 0xa2, 0xd1, 0xa2, 0xc9, 0xa3, 0xba, 0x24, 0x35,
    0x02, 0x03, 0x80, 0x00, 0x00, 0x00, 0x00, 0x00, 0x00, 0x00, 0x00, 0x00,
    0x00, 0x00, 0x00, 0x00, 0x00, 0x00, 0x00, 0x00, 0x00, 0x00, 0x00, 0x00,
    0x00, 0x00, 0xc1, 0x01, 0x23, 0x1d, 0x83, 0x7b, 0xc3, 0xd1, 0xc2, 0xc9,
    0xa3, 0xd1, 0xa2, 0xc9, 0xa3, 0xc9, 0xa3, 0xd1, 0xa2, 0xc9, 0xa2, 0xc9,
    0xa2, 0xd1, 0xa2, 0xc9, 0xa3, 0xc9, 0xa2, 0xd1, 0xc2, 0xc9, 0xa3, 0xd1,
    0xa2, 0xc9, 0xc2, 0xc9, 0xa3, 0xd1, 0xa2, 0xc9, 0xa3, 0xc9, 0xa2, 0xc9,
    0xa2, 0xd1, 0xa3, 0xc9, 0xa2, 0xc9, 0xa3, 0xd1, 0xc2, 0xc9, 0xa2, 0xc9,
    0xa3, 0xc9, 0xc3, 0xd1, 0x02, 0xd2, 0xa3, 0x92, 0x64, 0x1d, 0x41, 0x02,
    0x40, 0x00, 0x00, 0x00, 0x00, 0x00, 0x00, 0x00, 0x00, 0x00, 0x00, 0x00,
    0x00, 0x00, 0x00, 0x00, 0x00, 0x00, 0x00, 0x00, 0x00, 0x00, 0x40, 0x00,
    0x42, 0x02, 0x43, 0x1d, 0xa3, 0x92, 0xe2, 0xd1, 0xc2, 0xd1, 0xe3, 0xd1,
    0xc2, 0xd1, 0xe2, 0xd1, 0xe2, 0xd1, 0xc3, 0xc9, 0xe2, 0xd1, 0xe2, 0xd1,
    0xc3, 0xd1, 0xe2, 0xd1, 0xc2, 0xd1, 0xc3, 0xd1, 0xe2, 0xc9, 0xe3, 0xd1,
    0xc2, 0xd1, 0xe2, 0xd1, 0xe3, 0xd1, 0xc2, 0xc9, 0xe3, 0xd1, 0xe2, 0xd1,
    0xc2, 0xd1, 0xe3, 0xd1, 0xc2, 0xc9, 0xc3, 0xd1, 0xe2, 0xd1, 0xc2, 0xc9,
    0xe2, 0xd1, 0x02, 0xd2, 0x83, 0x7b, 0x44, 0x1d, 0xc1, 0x01, 0x00, 0x00,
    0x00, 0x00, 0x00, 0x00, 0x00, 0x00, 0x00, 0x00, 0x00, 0x00, 0x00, 0x00,
    0x00, 0x00, 0x00, 0x00, 0x00, 0x00, 0x00, 0x00, 0x40, 0x00, 0x02, 0x03,
    0x24, 0x35, 0xa3, 0xba, 0xe2, 0xc9, 0xc2, 0xc9, 0xe3, 0xd1, 0xe2, 0xc9,
    0xc2, 0xd1, 0xe3, 0xd1, 0xe2, 0xc9, 0xc3, 0xd1, 0xe3, 0xc9, 0xe2, 0xc9,
    0xe2, 0xd1, 0xe3, 0xc9, 0xc2, 0xd1, 0xe2, 0xd1, 0xc3, 0xc9, 0xc2, 0xd1,
    0xe2, 0xc9, 0xe3, 0xd1, 0xc2, 0xd1, 0xe2, 0xc9, 0xe3, 0xd1, 0xc2, 0xd1,
    0xe2, 0xc9, 0xe3, 0xd1, 0xe2, 0xd1, 0xc3, 0xd1, 0xe2, 0xc9, 0xc3, 0xd1,
    0x23, 0xd2, 0x23, 0x5c, 0xe3, 0x14, 0x41, 0x01, 0x00, 0x00, 0x00, 0x00,
    0x00, 0x00, 0x00, 0x00, 0x00, 0x00, 0x00, 0x00, 0x00, 0x00, 0x00, 0x00,
    0x00, 0x00, 0x00, 0x00, 0x00, 0x00, 0x80, 0x00, 0xc2, 0x0b, 0xc4, 0x44,
    0xa3, 0xba, 0xc2, 0xd1, 0xe3, 0xd1, 0xc2, 0xc9, 0xc2, 0xc9, 0xc3, 0xd1,
    0xe2, 0xc9, 0xc2, 0xd1, 0xc2, 0xd1, 0xc3, 0xd1, 0xc2, 0xc9, 0xc2, 0xd1,
    0xe3, 0xc9, 0xc2, 0xd1, 0xe2, 0xd1, 0xe3, 0xc9, 0xc2, 0xd1, 0xc3, 0xd1,
    0xc2, 0xc9, 0xe2, 0xd1, 0xc3, 0xc9, 0xc2, 0xd1, 0xe3, 0xc9, 0xc2, 0xc9,
    0xc2, 0xd1, 0xe2, 0xc9, 0xc3, 0xc9, 0xe2, 0xd1, 0xc2, 0xc9, 0xa3, 0xba,
    0x83, 0x6c, 0x43, 0x0c, 0x01, 0x01, 0x00, 0x00, 0x00, 0x00, 0x00, 0x00,
    0x00, 0x00, 0x00, 0x00, 0x00, 0x00, 0x00, 0x00, 0x00, 0x00, 0x00, 0x00,
    0x00, 0x00, 0x00, 0x00, 0xc0, 0x00, 0x43, 0x0c, 0xc3, 0x44, 0xa3, 0xba,
    0x02, 0xd2, 0x02, 0xd2, 0x03, 0xd2, 0x02, 0xd2, 0x03, 0xd2, 0x02, 0xd2,
    0x02, 0xd2, 0x03, 0xd2, 0x02, 0xd2, 0x02, 0xd2, 0x03, 0xd2, 0x02, 0xd2,
    0x03, 0xd2, 0x02, 0xd2, 0x02, 0xd2, 0x03, 0xd2, 0x02, 0xd2, 0x02, 0xd2,
    0x03, 0xd2, 0x02, 0xd2, 0x02, 0xd2, 0x03, 0xd2, 0x03, 0xd2, 0x02, 0xd2,
    0x02, 0xd2, 0x03, 0xd2, 0x02, 0xd2, 0xe2, 0xd1, 0xa3, 0xba, 0xc4, 0x44,
    0xe2, 0x0b, 0xc0, 0x00, 0x00, 0x00, 0x00, 0x00, 0x00, 0x00, 0x00, 0x00,
    0x00, 0x00, 0x00, 0x00, 0x00, 0x00, 0x00, 0x00, 0x00, 0x00, 0x00, 0x00,
    0x00, 0x00, 0xc0, 0x00, 0x83, 0x0c, 0x83, 0x6c, 0xa3, 0xba, 0x02, 0xd2,
    0x02, 0xd2, 0x03, 0xd2, 0x02, 0xd2, 0x02, 0xca, 0x03, 0xd2, 0x03, 0xca,
    0x02, 0xca, 0x02, 0xd2, 0x03, 0xd2, 0x02, 0xca, 0x02, 0xd2, 0x03, 0xca,
    0x02, 0xd2, 0x02, 0xca, 0x03, 0xd2, 0x02, 0xca, 0x03, 0xd2, 0x02, 0xd2,
    0x02, 0xca, 0x03, 0xd2, 0x02, 0xd2, 0x02, 0xd2, 0x03, 0xd2, 0x02, 0xd2,
    0x02, 0xd2, 0x03, 0xd2, 0x02, 0xd2, 0xa3, 0xba, 0x24, 0x35, 0x42, 0x03,
    0x80, 0x00, 0x00, 0x00, 0x00, 0x00, 0x00, 0x00, 0x00, 0x00, 0x00, 0x00,
    0x00, 0x00, 0x00, 0x00, 0x00, 0x00, 0x00, 0x00, 0x00, 0x00, 0x00, 0x00,
    0x41, 0x01, 0x24, 0x15, 0x83, 0x7b, 0x43, 0xd2, 0x23, 0xd2, 0x23, 0xd2,
    0x22, 0xd2, 0x23, 0xd2, 0x23, 0xd2, 0x22, 0xd2, 0x23, 0xd2, 0x23, 0xd2,
    0x23, 0xd2, 0x23, 0xd2, 0x22, 0xd2, 0x23, 0xd2, 0x23, 0xd2, 0x23, 0xd2,
    0x23, 0xd2, 0x22, 0xd2, 0x23, 0xd2, 0x23, 0xd2, 0x23, 0xd2, 0x23, 0xd2,
    0x22, 0xd2, 0x23, 0xd2, 0x22, 0xca, 0x23, 0xd2, 0x23, 0xd2, 0x23, 0xca,
    0x22, 0xd2, 0x02, 0xca, 0x43, 0xb3, 0x24, 0x35, 0xa2, 0x02, 0x40, 0x00,
    0x00, 0x00, 0x00, 0x00, 0x00, 0x00, 0x00, 0x00, 0x00, 0x00, 0x00, 0x00,
    0x00, 0x00, 0x00, 0x00, 0x00, 0x00, 0x00, 0x00, 0x40, 0x00, 0x01, 0x02,
    0x23, 0x1d, 0x83, 0x7b, 0x22, 0xd2, 0x23, 0xd2, 0x22, 0xd2, 0x22, 0xca,
    0x23, 0xd2, 0x22, 0xd2, 0x22, 0xd2, 0x22, 0xd2, 0x22, 0xd2, 0x23, 0xd2,
    0x22, 0xd2, 0x22, 0xd2, 0x23, 0xd2, 0x02, 0xd2, 0x22, 0xd2, 0x23, 0xd2,
    0x22, 0xd2, 0x22, 0xd2, 0x22, 0xd2, 0x23, 0xd2, 0x22, 0xd2, 0x22, 0xd2,
    0x23, 0xd2, 0x23, 0xd2, 0x22, 0xd2, 0x02, 0xd2, 0x23, 0xd2, 0x23, 0xd2,
    0x42, 0xd2, 0x83, 0x7b, 0x43, 0x1d, 0x01, 0x02, 0x00, 0x00, 0x00, 0x00,
    0x00, 0x00, 0x00, 0x00, 0x00, 0x00, 0x00, 0x00, 0x00, 0x00, 0x00, 0x00,
    0x00, 0x00, 0x00, 0x00, 0x00, 0x00, 0x40, 0x00, 0xa2, 0x02, 0x44, 0x1d,
    0x43, 0xbb, 0x22, 0xd2, 0x03, 0xd2, 0x22, 0xd2, 0x03, 0xd2, 0x23, 0xd2,
    0x02, 0xd2, 0x23, 0xd2, 0x03, 0xd2, 0x22, 0xd2, 0x02, 0xd2, 0x23, 0xca,
    0x23, 0xd2, 0x02, 0xd2, 0x22, 0xd2, 0x23, 0xca, 0x02, 0xd2, 0x03, 0xd2,
    0x23, 0xca, 0x02, 0xd2, 0x02, 0xd2, 0x23, 0xca, 0x02, 0xd2, 0x03, 0xd2,
    0x22, 0xd2, 0x22, 0xd2, 0x03, 0xd2, 0x22, 0xd2, 0x23, 0xd2, 0x63, 0xd2,
    0x83, 0x7b, 0x23, 0x15, 0x81, 0x01, 0x00, 0x00, 0x00, 0x00, 0x00, 0x00,
    0x00, 0x00, 0x00, 0x00, 0x00, 0x00, 0x00, 0x00, 0x00, 0x00, 0x00, 0x00,
    0x00, 0x00, 0x00, 0x00, 0x80, 0x00, 0x42, 0x03, 0x24, 0x35, 0x43, 0xbb,
    0x42, 0xd2, 0x43, 0xd2, 0x42, 0xd2, 0x43, 0xd2, 0x42, 0xd2, 0x43, 0xd2,
    0x43, 0xd2, 0x42, 0xd2, 0x43, 0xd2, 0x43, 0xd2, 0x42, 0xd2, 0x43, 0xd2,
    0x43, 0xd2, 0x42, 0xd2, 0x43, 0xd2, 0x43, 0xd2, 0x42, 0xd2, 0x43, 0xd2,
    0x43, 0xd2, 0x42, 0xd2, 0x43, 0xd2, 0x43, 0xd2, 0x42, 0xd2, 0x43, 0xd2,
    0x43, 0xd2, 0x42, 0xd2, 0x42, 0xd2, 0x42, 0xd2, 0xa3, 0xba, 0x83, 0x6c,
    0xe3, 0x14, 0x41, 0x01, 0x00, 0x00, 0x00, 0x00, 0x00, 0x00, 0x00, 0x00,
    0x00, 0x00, 0x00, 0x00, 0x00, 0x00, 0x00, 0x00, 0x00, 0x00, 0x00, 0x00,
    0x00, 0x00, 0x80, 0x00, 0xc2, 0x0b, 0xc4, 0x44, 0xa3, 0xba, 0x42, 0xd2,
    0x42, 0xd2, 0x43, 0xd2, 0x42, 0xd2, 0x42, 0xd2, 0x43, 0xd2, 0x42, 0xd2,
    0x42, 0xd2, 0x43, 0xd2, 0x42, 0xd2, 0x42, 0xd2, 0x43, 0xd2, 0x42, 0xd2,
    0x42, 0xd2, 0x43, 0xd2, 0x42, 0xd2, 0x62, 0xd2, 0x43, 0xd2, 0x42, 0xd2,
    0x62, 0xd2, 0x43, 0xd2, 0x42, 0xd2, 0x42, 0xd2, 0x43, 0xd2, 0x43, 0xd2,
    0x42, 0xd2, 0x43, 0xd2, 0x43, 0xd2, 0xa3, 0xba, 0x83, 0x6c, 0x43, 0x14,
    0x21, 0x01, 0x00, 0x00, 0x00, 0x00, 0x00, 0x00, 0x00, 0x00, 0x00, 0x00,
    0x00, 0x00, 0x00, 0x00, 0x00, 0x00, 0x00, 0x00, 0x00, 0x00, 0x00, 0x00,
    0xc0, 0x00, 0x43, 0x0c, 0x83, 0x6c, 0xa3, 0xba, 0x42, 0xd2, 0x43, 0xd2,
    0x63, 0xd2, 0x42, 0xd2, 0x63, 0xd2, 0x43, 0xd2, 0x62, 0xd2, 0x43, 0xd2,
    0x63, 0xd2, 0x42, 0xd2, 0x43, 0xd2, 0x62, 0xd2, 0x43, 0xd2, 0x63, 0xd2,
    0x42, 0xd2, 0x43, 0xd2, 0x62, 0xd2, 0x43, 0xd2, 0x43, 0xd2, 0x42, 0xd2,
    0x63, 0xd2, 0x43, 0xd2, 0x62, 0xd2, 0x42, 0xd2, 0x63, 0xd2, 0x42, 0xd2,
    0x62, 0xd2, 0x43, 0xd2, 0xa3, 0xba, 0xc3, 0x44, 0xc2, 0x0b, 0xc0, 0x00,
    0x00, 0x00, 0x00, 0x00, 0x00, 0x00, 0x00, 0x00, 0x00, 0x00, 0x00, 0x00,
    0x00, 0x00, 0x00, 0x00, 0x00, 0x00, 0x00, 0x00, 0x00, 0x00, 0xc1, 0x00,
    0x83, 0x14, 0x83, 0x6c, 0xa3, 0xba, 0x82, 0xd2, 0x83, 0xd2, 0x82, 0xd2,
    0x82, 0xd2, 0x63, 0xd2, 0x82, 0xd2, 0x82, 0xd2, 0x83, 0xd2, 0x82, 0xd2,
    0x83, 0xd2, 0x82, 0xd2, 0x83, 0xd2, 0x82, 0xd2, 0x82, 0xd2, 0x83, 0xd2,
    0x62, 0xd2, 0x83, 0xd2, 0x82, 0xd2, 0x82, 0xd2, 0x83, 0xd2, 0x62, 0xd2,
    0x83, 0xd2, 0x82, 0xd2, 0x83, 0xd2, 0x63, 0xd2, 0x82, 0xd2, 0x82, 0xd2,
    0x83, 0xd2, 0x43, 0xbb, 0x24, 0x35, 0x42, 0x03, 0x80, 0x00, 0x00, 0x00,
    0x00, 0x00, 0x00, 0x00, 0x00, 0x00, 0x00, 0x00, 0x00, 0x00, 0x00, 0x00,
    0x00, 0x00, 0x00, 0x00, 0x00, 0x00, 0x00, 0x00, 0x21, 0x01, 0x23, 0x15,
    0x83, 0x6c, 0xa3, 0xba, 0x83, 0xd2, 0x62, 0xd2, 0x63, 0xda, 0x63, 0xd2,
    0x82, 0xd2, 0x63, 0xda, 0x63, 0xd2, 0x62, 0xd2, 0x62, 0xda, 0x63, 0xd2,
    0x62, 0xd2, 0x63, 0xda, 0x63, 0xd2, 0x62, 0xda, 0x83, 0xd2, 0x63, 0xda,
    0x62, 0xda, 0x83, 0xd2, 0x62, 0xda, 0x63, 0xd2, 0x82, 0xda, 0x62, 0xd2,
    0x63, 0xd2, 0x82, 0xda, 0x63, 0xd2, 0x63, 0xd2, 0x82, 0xda, 0x82, 0xd2,
    0x43, 0xbb, 0x24, 0x35, 0xa2, 0x02, 0x40, 0x00, 0x00, 0x00, 0x00, 0x00,
    0x00, 0x00, 0x00, 0x00, 0x00, 0x00, 0x00, 0x00, 0x00, 0x00, 0x00, 0x00,
    0x00, 0x00, 0x00, 0x00, 0x00, 0x00, 0xc1, 0x01, 0x23, 0x15, 0x63, 0x9c,
    0xa3, 0xda, 0x82, 0xd2, 0x82, 0xda, 0x83, 0xda, 0x82, 0xd2, 0x82, 0xda,
    0x83, 0xda, 0x83, 0xd2, 0x82, 0xda, 0x83, 0xda, 0x82, 0xd2, 0x83, 0xda,
    0x82, 0xda, 0x82, 0xd2, 0x83, 0xd2, 0x82, 0xda, 0x82, 0xd2, 0x83, 0xd2,
    0x82, 0xda, 0x83, 0xd2, 0x83, 0xda, 0x82, 0xda, 0x83, 0xd2, 0x83, 0xda,
    0x82, 0xda, 0x82, 0xd2, 0x83, 0xda, 0x83, 0xd2, 0xa2, 0xba, 0xe3, 0xbb,
    0x23, 0x35, 0x41, 0x02, 0x40, 0x00, 0x00, 0x00, 0x00, 0x00, 0x00, 0x00,
    0x00, 0x00, 0x00, 0x00, 0x00, 0x00, 0x00, 0x00, 0x00, 0x00, 0x00, 0x00,
    0x00, 0x00, 0x40, 0x00, 0x42, 0x02, 0x44, 0x1d, 0xe3, 0xbb, 0xa2, 0xda,
    0xa3, 0xd2, 0xa3, 0xda, 0xa2, 0xd2, 0xa3, 0xd2, 0xa2, 0xda, 0xa2, 0xd2,
    0xa3, 0xd2, 0xa2, 0xda, 0xa3, 0xd2, 0xa3, 0xd2, 0xa2, 0xda, 0xa3, 0xd2,
    0xa2, 0xda, 0xa3, 0xda, 0xa3, 0xd2, 0xa2, 0xda, 0xa3, 0xd2, 0xa2, 0xda,
    0xa2, 0xd2, 0xa3, 0xd2, 0xa2, 0xda, 0xa3, 0xd2, 0xa2, 0xda, 0xa2, 0xd2,
    0xa3, 0xda, 0xa2, 0xda, 0xa2, 0xd2, 0xc3, 0xda, 0x63, 0x94, 0x64, 0x1d,
    0x81, 0x01, 0x00, 0x00, 0x00, 0x00, 0x00, 0x00, 0x00, 0x00, 0x00, 0x00,
    0x00, 0x00, 0x00, 0x00, 0x00, 0x00, 0x00, 0x00, 0x00, 0x00, 0x00, 0x00,
    0x80, 0x00, 0xe2, 0x02, 0x63, 0x1d, 0x43, 0xbb, 0xa3, 0xd2, 0xa2, 0xda,
    0xa2, 0xd2, 0xa3, 0xda, 0xa3, 0xda, 0xa2, 0xd2, 0xa3, 0xda, 0xa2, 0xda,
    0xa2, 0xd2, 0xa3, 0xda, 0xa2, 0xda, 0xa2, 0xd2, 0xa3, 0xd2, 0xa3, 0xda,
    0xa2, 0xd2, 0xa2, 0xda, 0xa3, 0xda, 0xa3, 0xd2, 0xa2, 0xda, 0xa3, 0xda,
    0xa2, 0xd2, 0xa3, 0xd2, 0xa2, 0xda, 0xa3, 0xd2, 0xa3, 0xd2, 0xa3, 0xda,
    0xa2, 0xd2, 0xa3, 0xda, 0xc3, 0xda, 0x83, 0x6c, 0x23, 0x15, 0x41, 0x01,
    0x00, 0x00, 0x00, 0x00, 0x00, 0x00, 0x00, 0x00, 0x00, 0x00, 0x00, 0x00,
    0x00, 0x00, 0x00, 0x00, 0x00, 0x00, 0x00, 0x00, 0x00, 0x00, 0x80, 0x00,
    0x82, 0x03, 0x24, 0x35, 0x43, 0xbb, 0xc2, 0xda, 0xc3, 0xd2, 0xc2, 0xda,
    0xc3, 0xda, 0xc2, 0xda, 0xc3, 0xd2, 0xc3, 0xda, 0xc2, 0xda, 0xc3, 0xd2,
    0xc3, 0xda, 0xc2, 0xda, 0xc3, 0xda, 0xc2, 0xda, 0xc2, 0xda, 0xc3, 0xd2,
    0xc2, 0xda, 0xc2, 0xda, 0xc3, 0xd2, 0xc3, 0xda, 0xc2, 0xda, 0xc3, 0xda,
    0xc2, 0xda, 0xc3, 0xda, 0xc2, 0xda, 0xc2, 0xda, 0xc3, 0xd2, 0xc2, 0xda,
    0xc2, 0xda, 0x43, 0xbb, 0x83, 0x6c, 0x83, 0x14, 0x21, 0x01, 0x00, 0x00,
    0x00, 0x00, 0x00, 0x00, 0x00, 0x00, 0x00, 0x00, 0x00, 0x00, 0x00, 0x00,
    0x00, 0x00, 0x00, 0x00, 0x00, 0x00, 0x00, 0x00, 0xc0, 0x00, 0xe3, 0x0b,
    0x24, 0x35, 0x43, 0xbb, 0xc2, 0xd2, 0xc3, 0xda, 0xc3, 0xd2, 0xc2, 0xda,
    0xc2, 0xd2, 0xc3, 0xda, 0xc2, 0xd2, 0xc2, 0xda, 0xc3, 0xda, 0xc2, 0xd2,
    0xc3, 0xd2, 0xc3, 0xda, 0xc2, 0xd2, 0xc3, 0xda, 0xc3, 0xda, 0xc2, 0xd2,
    0xc3, 0xda, 0xc2, 0xd2, 0xc2, 0xd2, 0xc3, 0xda, 0xc2, 0xd2, 0xc3, 0xda,
    0xc2, 0xd2, 0xc3, 0xda, 0xc2, 0xda, 0xc3, 0xd2, 0xc3, 0xda, 0xc2, 0xd2,
    0x43, 0xb3, 0x44, 0x65, 0x43, 0x0c, 0x01, 0x01, 0x00, 0x00, 0x00, 0x00,
    0x00, 0x00, 0x00, 0x00, 0x00, 0x00, 0x00, 0x00, 0x00, 0x00, 0x00, 0x00,
    0x00, 0x00, 0x00, 0x00, 0x00, 0x00, 0xc0, 0x00, 0x43, 0x0c, 0x23, 0x5d,
    0x43, 0xbb, 0xc2, 0xda, 0xe3, 0xda, 0xe3, 0xda, 0xe2, 0xda, 0x03, 0xdb,
    0xe3, 0xda, 0xe3, 0xda, 0x03, 0xdb, 0x03, 0xdb, 0xe2, 0xda, 0x03, 0xdb,
    0x03, 0xdb, 0xe2, 0xda, 0x03, 0xdb, 0x03, 0xdb, 0xe3, 0xda, 0x03, 0xdb,
    0xe3, 0xda, 0xe3, 0xda, 0x03, 0xdb, 0xe3, 0xda, 0xe2, 0xda, 0x03, 0xdb,
    0xe3, 0xda, 0xe3, 0xda, 0x02, 0xdb, 0xe3, 0xda, 0xc3, 0xda, 0x43, 0xb3,
    0x23, 0x5d, 0xc2, 0x0b, 0xc0, 0x00, 0x00, 0x00, 0x00, 0x00, 0x00, 0x00,
    0x00, 0x00, 0x00, 0x00, 0x00, 0x00, 0x00, 0x00, 0x00, 0x00, 0x00, 0x00,
    0x00, 0x00, 0x00, 0x00, 0xc0, 0x00, 0xe3, 0x14, 0x83, 0x6c, 0x43, 0xbb,
    0xe3, 0xda, 0xe2, 0xda, 0xe3, 0xda, 0xe3, 0xda, 0xe2, 0xda, 0x03, 0xdb,
    0xe2, 0xda, 0xe3, 0xda, 0xe2, 0xda, 0xe3, 0xda, 0xe2, 0xda, 0xe3, 0xda,
    0xe3, 0xda, 0xe2, 0xda, 0xe2, 0xda, 0xe3, 0xda, 0xe2, 0xda, 0x02, 0xdb,
    0xe3, 0xda, 0xe2, 0xda, 0x03, 0xdb, 0xe3, 0xda, 0xe2, 0xda, 0xe3, 0xda,
    0x02, 0xdb, 0xe3, 0xda, 0xe2, 0xda, 0xe3, 0xda, 0x43, 0xbb, 0x83, 0x3d,
    0x42, 0x03, 0x80, 0x00, 0x00, 0x00, 0x00, 0x00, 0x00, 0x00, 0x00, 0x00,
    0x00, 0x00, 0x00, 0x00, 0x00, 0x00, 0x00, 0x00, 0x00, 0x00, 0x00, 0x00,
    0x00, 0x00, 0x21, 0x01, 0x23, 0x15, 0x83, 0x6c, 0x03, 0xdb, 0xe3, 0xda,
    0x02, 0xdb, 0x03, 0xdb, 0xe3, 0xda, 0xe2, 0xda, 0xe3, 0xda, 0xe3, 0xda,
    0xe2, 0xda, 0xe3, 0xda, 0x03, 0xdb, 0xe2, 0xda, 0xe3, 0xda, 0xe3, 0xd2,
    0xe2, 0xda, 0xe3, 0xda, 0xe3, 0xda, 0xe2, 0xda, 0xe3, 0xda, 0xe3, 0xda,
    0xe2, 0xda, 0xe2, 0xda, 0x03, 0xdb, 0xe3, 0xd2, 0xe2, 0xda, 0xe3, 0xda,
    0xe3, 0xda, 0x02, 0xdb, 0x22, 0xdb, 0xc3, 0xbb, 0x84, 0x35, 0xa2, 0x02,
    0x40, 0x00, 0x00, 0x00, 0x00, 0x00, 0x00, 0x00, 0x00, 0x00, 0x00, 0x00,
    0x00, 0x00, 0x00, 0x00, 0x00, 0x00, 0x00, 0x00, 0x00, 0x00, 0x00, 0x00,
    0xc1, 0x01, 0x44, 0x1d, 0x63, 0x94, 0x43, 0xdb, 0x23, 0xdb, 0x22, 0xdb,
    0x03, 0xd3, 0x22, 0xdb, 0x23, 0xdb, 0x23, 0xd3, 0x22, 0xdb, 0x23, 0xdb,
    0x23, 0xd3, 0x22, 0xdb, 0x23, 0xdb, 0x22, 0xdb, 0x23, 0xdb, 0x23, 0xdb,
    0x22, 0xdb, 0x23, 0xd3, 0x23, 0xdb, 0x23, 0xdb, 0x23, 0xd3, 0x22, 0xdb,
    0x23, 0xdb, 0x23, 0xdb, 0x22, 0xdb, 0x23, 0xdb, 0x23, 0xdb, 0x23, 0xd3,
    0x03, 0xdb, 0xe3, 0xda, 0x63, 0x94, 0x64, 0x35, 0x41, 0x02, 0x40, 0x00,
    0x00, 0x00, 0x00, 0x00, 0x00, 0x00, 0x00, 0x00, 0x00, 0x00, 0x00, 0x00,
    0x00, 0x00, 0x00, 0x00, 0x00, 0x00, 0x00, 0x00, 0x40, 0x00, 0x01, 0x02,
    0x64, 0x1d, 0x63, 0x9c, 0x43, 0xdb, 0x02, 0xdb, 0x03, 0xdb, 0x23, 0xdb,
    0x02, 0xdb, 0x03, 0xdb, 0x22, 0xdb, 0x02, 0xdb, 0x03, 0xdb, 0x03, 0xdb,
    0x02, 0xdb, 0x03, 0xdb, 0x23, 0xd3, 0x02, 0xdb, 0x23, 0xdb, 0x02, 0xdb,
    0x22, 0xdb, 0x03, 0xdb, 0x22, 0xdb, 0x02, 0xdb, 0x03, 0xdb, 0x03, 0xdb,
    0x02, 0xdb, 0x03, 0xdb, 0x02, 0xdb, 0x22, 0xdb, 0x02, 0xdb, 0x23, 0xdb,
    0x43, 0xdb, 0x63, 0x94, 0x63, 0x1d, 0xc1, 0x01, 0x00, 0x00, 0x00, 0x00,
    0x00, 0x00, 0x00, 0x00, 0x00, 0x00, 0x00, 0x00, 0x00, 0x00, 0x00, 0x00,
    0x00, 0x00, 0x00, 0x00, 0x00, 0x00, 0x40, 0x00, 0xa2, 0x02, 0x63, 0x1d,
    0xc3, 0xbb, 0x23, 0xdb, 0x42, 0xdb, 0x43, 0xdb, 0x43, 0xdb, 0x42, 0xdb,
    0x43, 0xdb, 0x43, 0xdb, 0x43, 0xdb, 0x42, 0xdb, 0x43, 0xdb, 0x43, 0xdb,
    0x42, 0xdb, 0x43, 0xdb, 0x43, 0xdb, 0x42, 0xdb, 0x43, 0xdb, 0x43, 0xdb,
    0x43, 0xdb, 0x42, 0xdb, 0x43, 0xdb, 0x43, 0xdb, 0x42, 0xdb, 0x43, 0xdb,
    0x43, 0xdb, 0x43, 0xdb, 0x43, 0xdb, 0x42, 0xdb, 0x43, 0xdb, 0x42, 0xdb,
    0x63, 0x94, 0x64, 0x1d, 0x81, 0x01, 0x00, 0x00, 0x00, 0x00, 0x00, 0x00,
    0x00, 0x00, 0x00, 0x00, 0x00, 0x00, 0x00, 0x00, 0x00, 0x00, 0x00, 0x00,
    0x00, 0x00, 0x00, 0x00, 0x40, 0x00, 0x02, 0x03, 0x64, 0x3d, 0xc3, 0xbb,
    0x43, 0xdb, 0x42, 0xdb, 0x43, 0xdb, 0x02, 0xdb, 0x43, 0xdb, 0x43, 0xdb,
    0x02, 0xdb, 0x43, 0xdb, 0x43, 0xdb, 0x02, 0xdb, 0x43, 0xdb, 0x42, 0xdb,
    0x03, 0xdb, 0x43, 0xdb, 0x42, 0xdb, 0x03, 0xdb, 0x43, 0xdb, 0x42, 0xdb,
    0x03, 0xdb, 0x43, 0xdb, 0x42, 0xdb, 0x03, 0xdb, 0x43, 0xdb, 0x42, 0xdb,
    0x03, 0xdb, 0x43, 0xdb, 0x43, 0xdb, 0x02, 0xdb, 0x63, 0xdb, 0x83, 0x6c,
    0xe3, 0x14, 0x41, 0x01, 0x00, 0x00, 0x00, 0x00, 0x00, 0x00, 0x00, 0x00,
    0x00, 0x00, 0x00, 0x00, 0x00, 0x00, 0x00, 0x00, 0x00, 0x00, 0x00, 0x00,
    0x00, 0x00, 0x80, 0x00, 0x42, 0x03, 0x24, 0x35, 0xe3, 0xbb, 0x42, 0xdb,
    0x43, 0xdb, 0x23, 0xdb, 0x42, 0xdb, 0x43, 0xdb, 0x42, 0xdb, 0x22, 0xdb,
    0x43, 0xdb, 0x43, 0xdb, 0x42, 0xdb, 0x43, 0xdb, 0x43, 0xdb, 0x22, 0xdb,
    0x43, 0xdb, 0x43, 0xdb, 0x22, 0xdb, 0x43, 0xdb, 0x22, 0xdb, 0x43, 0xdb,
    0x43, 0xdb, 0x42, 0xdb, 0x43, 0xdb, 0x42, 0xdb, 0x42, 0xdb, 0x23, 0xdb,
    0x42, 0xdb, 0x43, 0xdb, 0x43, 0xdb, 0x83, 0xe3, 0x23, 0x65, 0x83, 0x14,
    0x41, 0x01, 0x00, 0x00, 0x00, 0x00, 0x00, 0x00, 0x00, 0x00, 0x00, 0x00,
    0x00, 0x00, 0x00, 0x00, 0x00, 0x00, 0x00, 0x00, 0x00, 0x00, 0x00, 0x00,
    0x80, 0x00, 0xe3, 0x0b, 0x23, 0x5d, 0xc3, 0xbb, 0x63, 0xdb, 0x62, 0xdb,
    0x63, 0xe3, 0x63, 0xdb, 0x63, 0xdb, 0x63, 0xdb, 0x63, 0xdb, 0x62, 0xdb,
    0x63, 0xdb, 0x62, 0xdb, 0x63, 0xdb, 0x63, 0xdb, 0x62, 0xdb, 0x62, 0xdb,
    0x63, 0xdb, 0x63, 0xdb, 0x62, 0xdb, 0x63, 0xdb, 0x63, 0xdb, 0x62, 0xdb,
    0x63, 0xdb, 0x63, 0xdb, 0x63, 0xdb, 0x63, 0xdb, 0x62, 0xdb, 0x63, 0xdb,
    0x62, 0xdb, 0x63, 0xdb, 0xe3, 0xbb, 0x43, 0x65, 0x03, 0x0c, 0x01, 0x01,
    0x00, 0x00, 0x00, 0x00, 0x00, 0x00, 0x00, 0x00, 0x00, 0x00, 0x00, 0x00,
    0x00, 0x00, 0x00, 0x00, 0x00, 0x00, 0x00, 0x00, 0x00, 0x00, 0xc0, 0x00,
    0x03, 0x0c, 0x43, 0x65, 0xc3, 0xbb, 0x63, 0xdb, 0x62, 0xe3, 0x62, 0xdb,
    0x63, 0xe3, 0x62, 0xe3, 0x63, 0xdb, 0x63, 0xe3, 0x62, 0xe3, 0x63, 0xdb,
    0x63, 0xe3, 0x62, 0xe3, 0x63, 0xdb, 0x63, 0xe3, 0x62, 0xe3, 0x63, 0xe3,
    0x63, 0xe3, 0x62, 0xdb, 0x63, 0xe3, 0x62, 0xe3, 0x63, 0xdb, 0x62, 0xe3,
    0x62, 0xe3, 0x63, 0xdb, 0x63, 0xe3, 0x62, 0xe3, 0x63, 0xdb, 0x63, 0xe3,
    0x62, 0xdb, 0xe3, 0xbb, 0x24, 0x5d, 0xa2, 0x0b, 0xc0, 0x00, 0x00, 0x00,
    0x00, 0x00, 0x00, 0x00, 0x00, 0x00, 0x00, 0x00, 0x00, 0x00, 0x00, 0x00,
    0x00, 0x00, 0x00, 0x00, 0x00, 0x00, 0x00, 0x00, 0xc0, 0x00, 0x83, 0x0c,
    0x44, 0x65, 0xe3, 0xbb, 0x63, 0xdb, 0x63, 0xe3, 0x83, 0xdb, 0x62, 0xdb,
    0x62, 0xdb, 0x83, 0xe3, 0x62, 0xdb, 0x63, 0xdb, 0x83, 0xe3, 0x62, 0xdb,
    0x63, 0xdb, 0x82, 0xe3, 0x63, 0xdb, 0x63, 0xdb, 0x82, 0xdb, 0x63, 0xdb,
    0x83, 0xe3, 0x62, 0xdb, 0x63, 0xdb, 0x83, 0xe3, 0x63, 0xdb, 0x62, 0xdb,
    0x63, 0xdb, 0x82, 0xe3, 0x63, 0xdb, 0x63, 0xdb, 0x62, 0xe3, 0x63, 0xdb,
    0xe3, 0xbb, 0x84, 0x3d, 0x82, 0x03, 0xc0, 0x00, 0x00, 0x00, 0x00, 0x00,
    0x00, 0x00, 0x00, 0x00, 0x00, 0x00, 0x00, 0x00, 0x00, 0x00, 0x00, 0x00,
    0x00, 0x00, 0x00, 0x00, 0x00, 0x00, 0xc0, 0x00, 0xe3, 0x14, 0x24, 0x65,
    0xe3, 0xbb, 0xa2, 0xdb, 0xa3, 0xe3, 0xa3, 0xe3, 0xa3, 0xdb, 0xa3, 0xe3,
    0xa3, 0xe3, 0xa3, 0xdb, 0xa3, 0xe3, 0xa3, 0xe3, 0xa3, 0xdb, 0xa3, 0xe3,
    0xa3, 0xe3, 0xa3, 0xdb, 0xa3, 0xe3, 0xa3, 0xe3, 0xa3, 0xdb, 0xa3, 0xe3,
    0xa3, 0xe3, 0xa3, 0xdb, 0xa3, 0xe3, 0xa3, 0xe3, 0xa3, 0xdb, 0xa3, 0xe3,
    0xa3, 0xe3, 0xa3, 0xdb, 0xa3, 0xe3, 0xa3, 0xe3, 0xa3, 0xdb, 0xc3, 0xbb,
    0x63, 0x3d, 0x02, 0x03, 0x80, 0x00, 0x00, 0x00, 0x00, 0x00, 0x00, 0x00,
    0x00, 0x00, 0x00, 0x00, 0x00, 0x00, 0x00, 0x00, 0x00, 0x00, 0x00, 0x00,
    0x00, 0x00, 0x00, 0x00, 0x01, 0x01, 0x23, 0x15, 0x63, 0x94, 0xa3, 0xe3,
    0x83, 0xdb, 0x82, 0xe3, 0x83, 0xdb, 0x83, 0xe3, 0x83, 0xdb, 0x82, 0xdb,
    0x83, 0xe3, 0x82, 0xdb, 0x83, 0xdb, 0x83, 0xe3, 0x82, 0xdb, 0x83, 0xdb,
    0x82, 0xe3, 0x83, 0xe3, 0x82, 0xdb, 0x83, 0xdb, 0x82, 0xe3, 0x83, 0xdb,
    0x82, 0xdb, 0x82, 0xe3, 0x83, 0xdb, 0x83, 0xe3, 0x82, 0xdb, 0x83, 0xdb,
    0x82, 0xe3, 0xa3, 0xdb, 0x82, 0xe3, 0xc3, 0xe3, 0x63, 0xc4, 0x64, 0x3d,
    0xa2, 0x02, 0x40, 0x00, 0x00, 0x00, 0x00, 0x00, 0x00, 0x00, 0x00, 0x00,
    0x00, 0x00, 0x00, 0x00, 0x00, 0x00, 0x00, 0x00, 0x00, 0x00, 0x00, 0x00,
    0x00, 0x00, 0xc1, 0x01, 0x23, 0x15, 0x63, 0x9c, 0xe3, 0xe3, 0xc3, 0xe3,
    0xa3, 0xdb, 0xc2, 0xe3, 0xc3, 0xe3, 0xc3, 0xe3, 0xa3, 0xe3, 0xc3, 0xe3,
    0xc2, 0xe3, 0xa3, 0xe3, 0xc3, 0xe3, 0xc2, 0xe3, 0xa3, 0xdb, 0xc3, 0xe3,
    0xc3, 0xe3, 0xa3, 0xdb, 0xc2, 0xe3, 0xc3, 0xe3, 0xa3, 0xe3, 0xc3, 0xe3,
    0xc3, 0xe3, 0xa3, 0xdb, 0xc2, 0xe3, 0xc3, 0xe3, 0xa3, 0xe3, 0xc3, 0xe3,
    0xa3, 0xdb, 0xa3, 0xe3, 0xc2, 0xe3, 0x63, 0x94, 0x84, 0x35, 0x41, 0x02,
    0x40, 0x00, 0x00, 0x00, 0x00, 0x00, 0x00, 0x00, 0x00, 0x00, 0x00, 0x00,
    0x00, 0x00, 0x00, 0x00, 0x00, 0x00, 0x00, 0x00, 0x00, 0x00, 0x40, 0x00,
    0x01, 0x02, 0x44, 0x1d, 0x63, 0x94, 0xe3, 0xe3, 0xa3, 0xe3, 0xc3, 0xdb,
    0xa3, 0xe3, 0xc2, 0xdb, 0xa3, 0xdb, 0xc3, 0xe3, 0xc3, 0xdb, 0xa3, 0xdb,
    0xc3, 0xe3, 0xc3, 0xdb, 0xa3, 0xe3, 0xc3, 0xe3, 0xc3, 0xdb, 0xa2, 0xe3,
    0xc3, 0xe3, 0xc3, 0xdb, 0xa3, 0xe3, 0xc3, 0xdb, 0xc3, 0xe3, 0xa3, 0xe3,
    0xc3, 0xdb, 0xc3, 0xe3, 0xa3, 0xe3, 0xc2, 0xdb, 0xc3, 0xe3, 0xa3, 0xdb,
    0xc3, 0xe3, 0xc3, 0xe3, 0x63, 0x94, 0x84, 0x3d, 0x81, 0x01, 0x00, 0x00,
    0x00, 0x00, 0x00, 0x00, 0x00, 0x00, 0x00, 0x00, 0x00, 0x00, 0x00, 0x00,
    0x00, 0x00, 0x00, 0x00, 0x00, 0x00, 0x00, 0x00, 0x40, 0x00, 0x42, 0x02,
    0x64, 0x1d, 0x63, 0xcc, 0xc3, 0xe3, 0xe2, 0xe3, 0xc3, 0xe3, 0xc3, 0xe3,
    0xe3, 0xe3, 0xc2, 0xe3, 0xc3, 0xe3, 0xe2, 0xe3, 0xc3, 0xe3, 0xc2, 0xe3,
    0xe2, 0xe3, 0xc3, 0xe3, 0xc3, 0xe3, 0xe2, 0xe3, 0xc3, 0xe3, 0xc3, 0xe3,
    0xc3, 0xe3, 0xc2, 0xe3, 0xe2, 0xe3, 0xc3, 0xdb, 0xc2, 0xe3, 0xe2, 0xe3,
    0xc3, 0xe3, 0xc3, 0xdb, 0xe2, 0xe3, 0xc3, 0xe3, 0xe2, 0xe3, 0xe3, 0xe3,
    0xc3, 0xe3, 0x43, 0x95, 0x43, 0x1d, 0x81, 0x01, 0x00, 0x00, 0x00, 0x00,
    0x00, 0x00, 0x00, 0x00, 0x00, 0x00, 0x00, 0x00, 0x00, 0x00, 0x00, 0x00,
    0x00, 0x00, 0x00, 0x00, 0x00, 0x00, 0x80, 0x00, 0x02, 0x03, 0x83, 0x3d,
    0x63, 0xc4, 0xe3, 0xe3, 0xe3, 0xe3, 0xc2, 0xdb, 0xe3, 0xe3, 0xe3, 0xe3,
    0xc3, 0xe3, 0xe2, 0xdb, 0xe3, 0xe3, 0xc3, 0xe3, 0xe3, 0xdb, 0xc3, 0xe3,
    0xe3, 0xdb, 0xc2, 0xe3, 0xe3, 0xdb, 0xe3, 0xe3, 0xc3, 0xdb, 0xe2, 0xe3,
    0xe3, 0xe3, 0xc3, 0xe3, 0xe3, 0xe3, 0xc3, 0xdb, 0xe3, 0xe3, 0xc3, 0xe3,
    0xe3, 0xe3, 0xc3, 0xe3, 0xc3, 0xdb, 0xe3, 0xe3, 0xc2, 0xe3, 0x03, 0xe4,
    0x43, 0x95, 0x23, 0x15, 0x41, 0x01, 0x00, 0x00, 0x00, 0x00, 0x00, 0x00,
    0x00, 0x00, 0x00, 0x00, 0x00, 0x00, 0x00, 0x00, 0x00, 0x00, 0x00, 0x00,
    0x00, 0x00, 0x00, 0x00, 0x80, 0x00, 0xe2, 0x02, 0x64, 0x35, 0x63, 0xc4,
    0x03, 0xe4, 0xe3, 0xe3, 0xe3, 0xe3, 0x02, 0xe4, 0xe3, 0xe3, 0xe3, 0xe3,
    0x03, 0xe4, 0xe3, 0xe3, 0x03, 0xe4, 0xe2, 0xe3, 0x03, 0xe4, 0xe3, 0xe3,
    0x03, 0xe4, 0xe3, 0xe3, 0x02, 0xe4, 0x03, 0xe4, 0xe3, 0xe3, 0x03, 0xe4,
    0xe3, 0xe3, 0x02, 0xe4, 0x03, 0xe4, 0xe3, 0xe3, 0x02, 0xe4, 0x03, 0xe4,
    0xe3, 0xe3, 0x02, 0xe4, 0xe3, 0xe3, 0xe3, 0xe3, 0x03, 0xe4, 0x23, 0x5d,
    0x83, 0x14, 0x41, 0x01, 0x00, 0x00, 0x00, 0x00, 0x00, 0x00, 0x00, 0x00,
    0x00, 0x00, 0x00, 0x00, 0x00, 0x00, 0x00, 0x00, 0x00, 0x00, 0x00, 0x00,
    0x00, 0x00, 0x80, 0x00, 0x82, 0x03, 0x64, 0x3d, 0x63, 0xcc, 0x02, 0xe4,
    0x03, 0xe4, 0x03, 0xe4, 0x03, 0xe4, 0x02, 0xe4, 0x03, 0xe4, 0x03, 0xe4,
    0x02, 0xe4, 0x03, 0xe4, 0x03, 0xe4, 0x02, 0xe4, 0x03, 0xe4, 0x03, 0xe4,
    0x02, 0xe4, 0x03, 0xe4, 0x03, 0xe4, 0x02, 0xe4, 0x03, 0xe4, 0x03, 0xe4,
    0x02, 0xe4, 0x03, 0xe4, 0x03, 0xe4, 0x02, 0xe4, 0x03, 0xe4, 0x03, 0xe4,
    0x02, 0xe4, 0x03, 0xe4, 0x03, 0xe4, 0x63, 0xc4, 0x43, 0x65, 0x83, 0x14,
    0x01, 0x01, 0x00, 0x00, 0x00, 0x00, 0x00, 0x00, 0x00, 0x00, 0x00, 0x00,
    0x00, 0x00, 0x00, 0x00, 0x00, 0x00, 0x00, 0x00, 0x00, 0x00, 0x00, 0x00,
    0xc0, 0x00, 0x03, 0x0c, 0x84, 0x3d, 0x63, 0xc4, 0x03, 0xe4, 0x22, 0xe4,
    0x23, 0xe4, 0x23, 0xe4, 0x23, 0xe4, 0x22, 0xe4, 0x23, 0xe4, 0x23, 0xe4,
    0x23, 0xe4, 0x23, 0xe4, 0x23, 0xe4, 0x22, 0xe4, 0x23, 0xe4, 0x23, 0xe4,
    0x23, 0xe4, 0x23, 0xe4, 0x22, 0xe4, 0x23, 0xe4, 0x23, 0xe4, 0x23, 0xe4,
    0x23, 0xe4, 0x23, 0xe4, 0x23, 0xe4, 0x23, 0xe4, 0x23, 0xe4, 0x23, 0xe4,
    0x23, 0xe4, 0x03, 0xe4, 0x63, 0xc4, 0x43, 0x5d, 0x03, 0x0c, 0xc0, 0x00,
    0x00, 0x00, 0x00, 0x00, 0x00, 0x00, 0x00, 0x00, 0x00, 0x00, 0x00, 0x00,
    0x00, 0x00, 0x00, 0x00, 0x00, 0x00, 0x00, 0x00, 0x00, 0x00, 0xc0, 0x00,
    0x03, 0x0c, 0x43, 0x5d, 0x63, 0xcc, 0x23, 0xe4, 0x23, 0xe4, 0x22, 0xe4,
    0x23, 0xe4, 0x23, 0xe4, 0x23, 0xe4, 0x02, 0xe4, 0x23, 0xe4, 0x22, 0xe4,
    0x03, 0xe4, 0x23, 0xe4, 0x23, 0xe4, 0x02, 0xe4, 0x23, 0xe4, 0x23, 0xe4,
    0x03, 0xe4, 0x23, 0xe4, 0x02, 0xe4, 0x23, 0xe4, 0x23, 0xe4, 0x02, 0xe4,
    0x23, 0xe4, 0x02, 0xe4, 0x22, 0xe4, 0x23, 0xe4, 0x22, 0xe4, 0x23, 0xe4,
    0x23, 0xe4, 0x63, 0xcc, 0x23, 0x5d, 0xc2, 0x0b, 0xc1, 0x00, 0x00, 0x00,
    0x00, 0x00, 0x00, 0x00, 0x00, 0x00, 0x00, 0x00, 0x00, 0x00, 0x00, 0x00,
    0x00, 0x00, 0x00, 0x00, 0x00, 0x00, 0x00, 0x00, 0xc0, 0x00, 0x83, 0x14,
    0x23, 0x5d, 0x63, 0xcc, 0x23, 0xe4, 0x23, 0xe4, 0x03, 0xe4, 0x22, 0xe4,
    0x23, 0xe4, 0x03, 0xe4, 0x23, 0xe4, 0x23, 0xe4, 0x22, 0xe4, 0x03, 0xe4,
    0x23, 0xe4, 0x23, 0xe4, 0x03, 0xe4, 0x22, 0xe4, 0x23, 0xe4, 0x03, 0xe4,
    0x22, 0xe4, 0x23, 0xe4, 0x03, 0xe4, 0x22, 0xe4, 0x23, 0xe4, 0x03, 0xe4,
    0x23, 0xe4, 0x23, 0xe4, 0x03, 0xe4, 0x03, 0xe4, 0x22, 0xe4, 0x23, 0xe4,
    0x63, 0xcc, 0xe4, 0x35, 0x82, 0x03, 0xc0, 0x00, 0x00, 0x00, 0x00, 0x00,
    0x00, 0x00, 0x00, 0x00, 0x00, 0x00, 0x00, 0x00, 0x00, 0x00, 0x00, 0x00,
    0x00, 0x00, 0x00, 0x00, 0x00, 0x00, 0x01, 0x01, 0x23, 0x15, 0xa4, 0x7d,
    0x63, 0xc4, 0x43, 0xe4, 0x43, 0xe4, 0x43, 0xec, 0x43, 0xe4, 0x43, 0xe4,
    0x43, 0xec, 0x43, 0xe4, 0x43, 0xe4, 0x43, 0xec, 0x43, 0xe4, 0x43, 0xe4,
    0x43, 0xec, 0x43, 0xe4, 0x43, 0xe4, 0x43, 0xec, 0x43, 0xe4, 0x43, 0xe4,
    0x43, 0xe4, 0x43, 0xe4, 0x43, 0xe4, 0x43, 0xe4, 0x43, 0xe4, 0x43, 0xe4,
    0x43, 0xec, 0x43, 0xe4, 0x43, 0xe4, 0x43, 0xe4, 0x43, 0xe4, 0x63, 0xcc,
    0xe4, 0x2d, 0xe2, 0x02, 0x80, 0x00, 0x00, 0x00, 0x00, 0x00, 0x00, 0x00,
    0x00, 0x00, 0x00, 0x00, 0x00, 0x00, 0x00, 0x00, 0x00, 0x00, 0x00, 0x00,
    0x00, 0x00, 0x00, 0x00, 0x01, 0x01, 0x23, 0x15, 0xa4, 0x7d, 0xa3, 0xdc,
    0x43, 0xec, 0x43, 0xe4, 0x43, 0xe4, 0x43, 0xec, 0x43, 0xe4, 0x42, 0xe4,
    0x43, 0xec, 0x43, 0xe4, 0x43, 0xe4, 0x43, 0xec, 0x42, 0xe4, 0x43, 0xec,
    0x43, 0xe4, 0x43, 0xe4, 0x43, 0xec, 0x43, 0xec, 0x43, 0xe4, 0x43, 0xec,
    0x43, 0xec, 0x43, 0xec, 0x43, 0xec, 0x43, 0xe4, 0x42, 0xec, 0x43, 0xe4,
    0x43, 0xec, 0x63, 0xec, 0x43, 0xe4, 0x63, 0xec, 0x63, 0xc4, 0xe4, 0x35,
    0xa2, 0x02, 0x40, 0x00, 0x00, 0x00, 0x00, 0x00, 0x00, 0x00, 0x00, 0x00,
    0x00, 0x00, 0x00, 0x00, 0x00, 0x00, 0x00, 0x00, 0x00, 0x00, 0x00, 0x00,
    0x00, 0x00, 0x61, 0x01, 0x23, 0x15, 0x23, 0x9d, 0x83, 0xdc, 0x63, 0xec,
    0x83, 0xec, 0x62, 0xec, 0x63, 0xec, 0x83, 0xe4, 0x63, 0xec, 0x63, 0xec,
    0x83, 0xec, 0x63, 0xe4, 0x83, 0xec, 0x63, 0xec, 0x83, 0xe4, 0x62, 0xec,
    0x83, 0xec, 0x63, 0xe4, 0x82, 0xec, 0x83, 0xe4, 0x63, 0xec, 0x82, 0xe4,
    0x63, 0xe4, 0x83, 0xec, 0x83, 0xec, 0x63, 0xe4, 0x63, 0xe4, 0x83, 0xec,
    0x62, 0xec, 0x63, 0xe4, 0x63, 0xec, 0x23, 0xbd, 0xe3, 0x2d, 0xa2, 0x02,
    0x40, 0x00, 0x00, 0x00, 0x00, 0x00, 0x00, 0x00, 0x00, 0x00, 0x00, 0x00,
    0x00, 0x00, 0x00, 0x00, 0x00, 0x00, 0x00, 0x00, 0x00, 0x00, 0x00, 0x00,
    0x01, 0x02, 0x44, 0x1d, 0x43, 0x9d, 0xa3, 0xdc, 0x63, 0xe4, 0x63, 0xec,
    0x63, 0xe4, 0x83, 0xe4, 0x63, 0xec, 0x63, 0xe4, 0x83, 0xe4, 0x62, 0xec,
    0x63, 0xe4, 0x63, 0xe4, 0x63, 0xec, 0x63, 0xe4, 0x83, 0xec, 0x63, 0xe4,
    0x63, 0xe4, 0x63, 0xec, 0x63, 0xe4, 0x63, 0xe4, 0x63, 0xec, 0x63, 0xe4,
    0x63, 0xe4, 0x63, 0xec, 0x63, 0xe4, 0x83, 0xec, 0x63, 0xe4, 0x63, 0xe4,
    0x83, 0xec, 0x63, 0xe4, 0x43, 0x9d, 0xe4, 0x35, 0x41, 0x02, 0x40, 0x00,
    0x00, 0x00, 0x00, 0x00, 0x00, 0x00, 0x00, 0x00, 0x00, 0x00, 0x00, 0x00,
    0x00, 0x00, 0x00, 0x00, 0x00, 0x00, 0x00, 0x00, 0x00, 0x00, 0x41, 0x02,
    0x44, 0x1d, 0x43, 0x9d, 0xa3, 0xdc, 0x83, 0xec, 0x83, 0xec, 0x83, 0xe4,
    0x83, 0xec, 0x82, 0xec, 0x83, 0xec, 0x83, 0xec, 0x83, 0xec, 0xa3, 0xec,
    0x83, 0xec, 0x82, 0xe4, 0x83, 0xec, 0x83, 0xec, 0x83, 0xec, 0x83, 0xec,
    0x83, 0xec, 0xa3, 0xec, 0x83, 0xec, 0x83, 0xec, 0xa3, 0xec, 0x82, 0xec,
    0x83, 0xec, 0x83, 0xec, 0x82, 0xec, 0x83, 0xec, 0x83, 0xec, 0x83, 0xec,
    0xa3, 0xdc, 0x43, 0x95, 0xe4, 0x35, 0xc1, 0x01, 0x00, 0x00, 0x00, 0x00,
    0x00, 0x00, 0x00, 0x00, 0x00, 0x00, 0x00, 0x00, 0x00, 0x00, 0x00, 0x00,
    0x00, 0x00, 0x00, 0x00, 0x00, 0x00, 0x00, 0x00, 0x42, 0x02, 0x63, 0x1d,
    0x23, 0xbd, 0x83, 0xec, 0x83, 0xec, 0x83, 0xe4, 0xa3, 0xec, 0x83, 0xec,
    0xa3, 0xe4, 0x83, 0xe4, 0x83, 0xec, 0xa3, 0xe4, 0x83, 0xec, 0x83, 0xec,
    0xa3, 0xe4, 0xa3, 0xec, 0x83, 0xe4, 0xa2, 0xe4, 0x83, 0xec, 0x83, 0xe4,
    0xa2, 0xec, 0x83, 0xe4, 0x83, 0xec, 0xa3, 0xe4, 0x83, 0xec, 0xa3, 0xe4,
    0x83, 0xe4, 0xa3, 0xec, 0x83, 0xe4, 0x83, 0xe4, 0x82, 0xec, 0xc3, 0xec,
    0x23, 0x95, 0xe4, 0x2d, 0x81, 0x01, 0x00, 0x00, 0x00, 0x00, 0x00, 0x00,
    0x00, 0x00, 0x00, 0x00, 0x00, 0x00, 0x00, 0x00, 0x00, 0x00, 0x00, 0x00,
    0x00, 0x00, 0x00, 0x00, 0x00, 0x00, 0xa2, 0x02, 0x43, 0x1d, 0x23, 0xbd,
    0xc3, 0xec, 0xc3, 0xec, 0xc3, 0xec, 0xc2, 0xec, 0xc3, 0xec, 0xc3, 0xec,
    0xc3, 0xec, 0xc2, 0xec, 0xc3, 0xec, 0xa3, 0xec, 0xc2, 0xec, 0xc3, 0xec,
    0xa3, 0xec, 0xc3, 0xec, 0xc3, 0xec, 0xc3, 0xec, 0xc3, 0xec, 0xa3, 0xec,
    0xc3, 0xec, 0xc2, 0xec, 0xa3, 0xec, 0xc3, 0xec, 0xc3, 0xec, 0xc3, 0xec,
    0xc3, 0xec, 0xc3, 0xec, 0xc3, 0xec, 0xc3, 0xec, 0x83, 0xdc, 0xa3, 0x7d,
    0xa4, 0x15, 0x81, 0x01, 0x00, 0x00, 0x00, 0x00, 0x00, 0x00, 0x00, 0x00,
    0x00, 0x00, 0x00, 0x00, 0x00, 0x00, 0x00, 0x00, 0x00, 0x00, 0x00, 0x00,
    0x00, 0x00, 0x00, 0x00, 0x82, 0x03, 0xa4, 0x15, 0x23, 0xbd, 0xc3, 0xec,
    0xa3, 0xec, 0xa3, 0xec, 0xa3, 0xec, 0xa3, 0xec, 0xa3, 0xec, 0xa3, 0xec,
    0xc3, 0xec, 0xa3, 0xec, 0xa3, 0xec, 0xc3, 0xec, 0xa3, 0xec, 0xa3, 0xec,
    0xa3, 0xec, 0xa3, 0xec, 0xc2, 0xec, 0xa3, 0xec, 0xa3, 0xec, 0xc3, 0xec,
    0xa3, 0xec, 0xa3, 0xec, 0xc3, 0xec, 0xa2, 0xec, 0xa3, 0xec, 0xa3, 0xec,
    0xa2, 0xec, 0xc3, 0xec, 0xa3, 0xec, 0xc3, 0xec, 0xa3, 0x7d, 0x23, 0x15,
    0x41, 0x01, 0x00, 0x00, 0x00, 0x00, 0x00, 0x00, 0x00, 0x00, 0x00, 0x00,
    0x00, 0x00, 0x00, 0x00, 0x00, 0x00, 0x00, 0x00, 0x00, 0x00, 0x00, 0x00,
    0x00, 0x00, 0x82, 0x03, 0xe4, 0x35, 0x23, 0xbd, 0xa3, 0xec, 0xe3, 0xec,
    0xc3, 0xec, 0xe3, 0xec, 0xe2, 0xec, 0xc3, 0xec, 0xe3, 0xec, 0xc3, 0xec,
    0xe3, 0xe4, 0xe3, 0xec, 0xc3, 0xec, 0xe3, 0xec, 0xe2, 0xec, 0xe3, 0xec,
    0xc3, 0xec, 0xc3, 0xec, 0xe3, 0xec, 0xe3, 0xec, 0xc3, 0xec, 0xe3, 0xe4,
    0xe3, 0xec, 0xc3, 0xec, 0xc3, 0xec, 0xe3, 0xec, 0xe3, 0xec, 0xc3, 0xec,
    0xc3, 0xec, 0xc3, 0xec, 0xe3, 0xec, 0xa3, 0x75, 0xe3, 0x14, 0x21, 0x01,
    0x00, 0x00, 0x00, 0x00, 0x00, 0x00, 0x00, 0x00, 0x00, 0x00, 0x00, 0x00,
    0x00, 0x00, 0x00, 0x00, 0x00, 0x00, 0x00, 0x00, 0x00, 0x00, 0x00, 0x00,
    0x42, 0x03, 0x64, 0x3d, 0x23, 0xbd, 0xe3, 0xec, 0xe3, 0xec, 0xc3, 0xec,
    0xe3, 0xe4, 0xe3, 0xec, 0xc3, 0xec, 0xe2, 0xec, 0xc3, 0xec, 0xc3, 0xec,
    0xe2, 0xec, 0xc3, 0xec, 0xc3, 0xe4, 0xe3, 0xec, 0xe3, 0xec, 0xc3, 0xe4,
    0xe3, 0xec, 0xe3, 0xec, 0xc2, 0xec, 0xc3, 0xec, 0xe3, 0xec, 0xe2, 0xec,
    0xc3, 0xec, 0xe3, 0xe4, 0xe3, 0xec, 0xc3, 0xec, 0xe3, 0xec, 0xe3, 0xec,
    0xc3, 0xec, 0x03, 0xed, 0xa3, 0x7d, 0xe3, 0x14, 0x21, 0x01, 0x00, 0x00,
    0x00, 0x00, 0x00, 0x00, 0x00, 0x00, 0x00, 0x00, 0x00, 0x00, 0x00, 0x00,
    0x00, 0x00, 0x00, 0x00, 0x00, 0x00, 0x00, 0x00, 0x00, 0x00, 0xa2, 0x0b,
    0x84, 0x35, 0x23, 0xbd, 0xe3, 0xec, 0xc3, 0xec, 0xc2, 0xec, 0xe3, 0xec,
    0xc3, 0xec, 0xc3, 0xe4, 0xe3, 0xec, 0xe3, 0xec, 0xc3, 0xec, 0xe3, 0xec,
    0xe3, 0xec, 0xc3, 0xec, 0xc3, 0xec, 0xc3, 0xec, 0xe2, 0xec, 0xc3, 0xec,
    0xc3, 0xe4, 0xe3, 0xec, 0xc3, 0xec, 0xc3, 0xec, 0xe3, 0xec, 0xc3, 0xec,
    0xc2, 0xec, 0xe3, 0xec, 0xc3, 0xe4, 0xc2, 0xec, 0xe3, 0xec, 0x03, 0xe5,
    0x63, 0xd5, 0x04, 0x56, 0x83, 0x14, 0x01, 0x01, 0x00, 0x00, 0x00, 0x00,
    0x00, 0x00, 0x00, 0x00, 0x00, 0x00, 0x00, 0x00, 0x00, 0x00, 0x00, 0x00,
    0x00, 0x00, 0x00, 0x00, 0x00, 0x00, 0x00, 0x00, 0x83, 0x14, 0x04, 0x56,
    0x23, 0xbd, 0x03, 0xed, 0x03, 0xed, 0x03, 0xed, 0x03, 0xed, 0x03, 0xed,
    0x03, 0xed, 0x03, 0xed, 0x03, 0xe5, 0x03, 0xed, 0x03, 0xed, 0x03, 0xe5,
    0x03, 0xed, 0x03, 0xed, 0x03, 0xed, 0x03, 0xed, 0x03, 0xed, 0x03, 0xed,
    0x03, 0xed, 0x03, 0xe5, 0x03, 0xed, 0x03, 0xed, 0x03, 0xed, 0x03, 0xed,
    0x03, 0xed, 0x03, 0xed, 0x03, 0xed, 0x03, 0xed, 0xe3, 0xec, 0x03, 0xed,
    0x04, 0x56, 0x43, 0x0c, 0xc0, 0x00, 0x00, 0x00, 0x00, 0x00, 0x00, 0x00,
    0x00, 0x00, 0x00, 0x00, 0x00, 0x00, 0x00, 0x00, 0x00, 0x00, 0x00, 0x00,
    0x00, 0x00, 0x00, 0x00, 0x00, 0x00, 0x83, 0x14, 0x04, 0x56, 0x63, 0xd5,
    0x03, 0xed, 0x03, 0xed, 0x03, 0xed, 0x03, 0xed, 0x03, 0xed, 0x03, 0xed,
    0x03, 0xed, 0x03, 0xed, 0x03, 0xed, 0x03, 0xed, 0x03, 0xed, 0x03, 0xed,
    0x03, 0xed, 0x03, 0xed, 0x03, 0xed, 0x03, 0xed, 0x03, 0xed, 0x03, 0xed,
    0x03, 0xed, 0x03, 0xed, 0x03, 0xed, 0x03, 0xed, 0x03, 0xed, 0x03, 0xed,
    0x03, 0xed, 0x03, 0xed, 0x03, 0xed, 0x03, 0xed, 0x63, 0xd5, 0x04, 0x56,
    0xa2, 0x0b, 0xc0, 0x00, 0x00, 0x00, 0x00, 0x00, 0x00, 0x00, 0x00, 0x00,
    0x00, 0x00, 0x00, 0x00, 0x00, 0x00, 0x00, 0x00, 0x00, 0x00, 0x00, 0x00,
    0x00, 0x00, 0x00, 0x00, 0x83, 0x0c, 0xa3, 0x7d, 0x63, 0xd5, 0x23, 0xed,
    0x23, 0xed, 0x23, 0xed, 0x23, 0xed, 0x23, 0xed, 0x23, 0xed, 0x23, 0xed,
    0x23, 0xed, 0x23, 0xed, 0x23, 0xed, 0x23, 0xed, 0x23, 0xed, 0x23, 0xed,
    0x23, 0xed, 0x23, 0xed, 0x23, 0xed, 0x23, 0xed, 0x23, 0xed, 0x23, 0xed,
    0x23, 0xed, 0x23, 0xed, 0x23, 0xed, 0x23, 0xed, 0x23, 0xed, 0x23, 0xed,
    0x23, 0xed, 0x23, 0xed, 0x03, 0xed, 0x63, 0xd5, 0x04, 0x5e, 0xa2, 0x0b,
    0xc0, 0x00, 0x00, 0x00, 0x00, 0x00, 0x00, 0x00, 0x00, 0x00, 0x00, 0x00,
    0x00, 0x00, 0x00, 0x00, 0x00, 0x00, 0x00, 0x00, 0x00, 0x00, 0x00, 0x00,
    0x00, 0x00, 0x83, 0x0c, 0xa3, 0x7d, 0x63, 0xd5, 0x23, 0xed, 0x23, 0xed,
    0x23, 0xed, 0x23, 0xed, 0x23, 0xed, 0x23, 0xed, 0x23, 0xf5, 0x23, 0xed,
    0x23, 0xed, 0x23, 0xf5, 0x23, 0xed, 0x23, 0xed, 0x23, 0xed, 0x23, 0xed,
    0x23, 0xed, 0x23, 0xed, 0x23, 0xed, 0x23, 0xf5, 0x23, 0xed, 0x23, 0xed,
    0x23, 0xed, 0x23, 0xed, 0x23, 0xed, 0x23, 0xed, 0x23, 0xed, 0x23, 0xed,
    0x23, 0xed, 0x23, 0xed, 0x63, 0xd5, 0xe4, 0x35, 0xe2, 0x0b, 0xc1, 0x00,
    0x00, 0x00, 0x00, 0x00, 0x00, 0x00, 0x00, 0x00, 0x00, 0x00, 0x00, 0x00,
    0x00, 0x00, 0x00, 0x00, 0x00, 0x00, 0x00, 0x00, 0x00, 0x00, 0x00, 0x00,
    0x23, 0x15, 0x04, 0x7e, 0x63, 0xd5, 0x43, 0xf5, 0x43, 0xf5, 0x43, 0xf5,
    0x43, 0xf5, 0x43, 0xf5, 0x43, 0xf5, 0x43, 0xf5, 0x43, 0xf5, 0x43, 0xf5,
    0x43, 0xf5, 0x43, 0xf5, 0x43, 0xf5, 0x43, 0xf5, 0x43, 0xf5, 0x43, 0xf5,
    0x43, 0xf5, 0x43, 0xf5, 0x43, 0xf5, 0x43, 0xf5, 0x43, 0xf5, 0x43, 0xf5,
    0x43, 0xf5, 0x43, 0xf5, 0x43, 0xf5, 0x43, 0xf5, 0x43, 0xf5, 0x43, 0xf5,
    0x43, 0xf5, 0x63, 0xd5, 0xe4, 0x2d, 0xa2, 0x0b, 0xc0, 0x00, 0x00, 0x00,
    0x00, 0x00, 0x00, 0x00, 0x00, 0x00, 0x00, 0x00, 0x00, 0x00, 0x00, 0x00,
    0x00, 0x00, 0x00, 0x00, 0x00, 0x00, 0x00, 0x00, 0x00, 0x00, 0xa4, 0x15,
    0x04, 0x7e, 0x63, 0xd5, 0x43, 0xf5, 0x43, 0xf5, 0x43, 0xed, 0x63, 0xed,
    0x43, 0xf5, 0x43, 0xed, 0x63, 0xed, 0x43, 0xed, 0x43, 0xed, 0x43, 0xed,
    0x63, 0xed, 0x43, 0xf5, 0x43, 0xed, 0x63, 0xed, 0x43, 0xf5, 0x63, 0xed,
    0x43, 0xed, 0x63, 0xed, 0x43, 0xed, 0x63, 0xf5, 0x43, 0xed, 0x43, 0xed,
    0x63, 0xf5, 0x43, 0xed, 0x43, 0xed, 0x63, 0xf5, 0x43, 0xf5, 0x43, 0xed,
    0x63, 0xd5, 0xe4, 0x35, 0xe2, 0x02, 0x80, 0x00, 0x00, 0x00, 0x00, 0x00,
    0x00, 0x00, 0x00, 0x00, 0x00, 0x00, 0x00, 0x00, 0x00, 0x00, 0x00, 0x00,
    0x00, 0x00, 0x00, 0x00, 0x00, 0x00, 0x00, 0x00, 0xa4, 0x15, 0x04, 0x7e,
    0x63, 0xd5, 0x63, 0xed, 0x63, 0xf5, 0x83, 0xed, 0x63, 0xed, 0x63, 0xf5,
    0x63, 0xed, 0x83, 0xf5, 0x63, 0xf5, 0x63, 0xed, 0x83, 0xf5, 0x63, 0xed,
    0x63, 0xf5, 0x83, 0xed, 0x63, 0xf5, 0x63, 0xed, 0x63, 0xf5, 0x63, 0xf5,
    0x63, 0xed, 0x83, 0xf5, 0x63, 0xed, 0x63, 0xed, 0x83, 0xf5, 0x63, 0xed,
    0x63, 0xf5, 0x83, 0xed, 0x63, 0xed, 0x63, 0xf5, 0x83, 0xed, 0x63, 0xd5,
    0xe4, 0x35, 0xa2, 0x02, 0x40, 0x00, 0x00, 0x00, 0x00, 0x00, 0x00, 0x00,
    0x00, 0x00, 0x00, 0x00, 0x00, 0x00, 0x00, 0x00, 0x00, 0x00, 0x00, 0x00,
    0x00, 0x00, 0x00, 0x00, 0x00, 0x00, 0xa3, 0x15, 0x03, 0xa6, 0x83, 0xf5,
    0x63, 0xf5, 0x63, 0xed, 0x63, 0xf5, 0x63, 0xf5, 0x63, 0xed, 0x83, 0xf5,
    0x63, 0xf5, 0x63, 0xed, 0x63, 0xf5, 0x63, 0xf5, 0x63, 0xed, 0x63, 0xf5,
    0x63, 0xf5, 0x63, 0xed, 0x83, 0xf5, 0x63, 0xed, 0x63, 0xf5, 0x63, 0xf5,
    0x63, 0xed, 0x63, 0xf5, 0x63, 0xf5, 0x63, 0xed, 0x63, 0xf5, 0x63, 0xf5,
    0x63, 0xed, 0x83, 0xf5, 0x63, 0xf5, 0x63, 0xed, 0x43, 0xc6, 0xe4, 0x35,
    0xa2, 0x02, 0x40, 0x00, 0x00, 0x00, 0x00, 0x00, 0x00, 0x00, 0x00, 0x00,
    0x00, 0x00, 0x00, 0x00, 0x00, 0x00, 0x00, 0x00, 0x00, 0x00, 0x00, 0x00,
    0x00, 0x00, 0x00, 0x00, 0xa4, 0x15, 0x03, 0xa6, 0x83, 0xf5, 0x83, 0xed,
    0x83, 0xed, 0x83, 0xf5, 0x83, 0xed, 0x83, 0xed, 0x83, 0xf5, 0x83, 0xed,
    0x83, 0xed, 0x83, 0xf5, 0x83, 0xed, 0x83, 0xed, 0x83, 0xf5, 0x83, 0xed,
    0x83, 0xed, 0x83, 0xf5, 0x83, 0xed, 0x83, 0xed, 0x83, 0xf5, 0x83, 0xed,
    0x83, 0xf5, 0x83, 0xed, 0x83, 0xed, 0x83, 0xf5, 0x83, 0xed, 0x83, 0xed,
    0x83, 0xf5, 0x83, 0xed, 0x63, 0xf5, 0x03, 0xa6, 0xe4, 0x2d, 0xa1, 0x02,
    0x40, 0x00, 0x00, 0x00, 0x00, 0x00, 0x00, 0x00, 0x00, 0x00, 0x00, 0x00,
    0x00, 0x00, 0x00, 0x00, 0x00, 0x00, 0x00, 0x00, 0x00, 0x00, 0x00, 0x00,
    0x00, 0x00, 0xe4, 0x1d, 0x04, 0xa6, 0x83, 0xed, 0xa3, 0xf5, 0xa3, 0xf5,
    0xa3, 0xf5, 0xa3, 0xf5, 0xa3, 0xf5, 0xa3, 0xf5, 0xa3, 0xf5, 0xa3, 0xf5,
    0xa3, 0xf5, 0xa3, 0xf5, 0xa3, 0xf5, 0xa3, 0xf5, 0xa3, 0xf5, 0xa3, 0xf5,
    0xa3, 0xf5, 0xa3, 0xf5, 0xa3, 0xf5, 0xa3, 0xf5, 0xa3, 0xf5, 0xa3, 0xf5,
    0xa3, 0xf5, 0xa3, 0xf5, 0xa3, 0xf5, 0xa3, 0xf5, 0xa3, 0xf5, 0xa3, 0xf5,
    0xa3, 0xf5, 0xa3, 0xf5, 0x03, 0xa6, 0xe4, 0x35, 0xa2, 0x02, 0x40, 0x00,
    0x00, 0x00, 0x00, 0x00, 0x00, 0x00, 0x00, 0x00, 0x00, 0x00, 0x00, 0x00,
    0x00, 0x00, 0x00, 0x00, 0x00, 0x00, 0x00, 0x00, 0x00, 0x00, 0x00, 0x00,
    0xe4, 0x1d, 0x03, 0xa6, 0xa3, 0xf5, 0xa3, 0xf5, 0xa3, 0xf5, 0xa3, 0xf5,
    0xa3, 0xf5, 0xa3, 0xf5, 0xa3, 0xf5, 0xa3, 0xf5, 0xa3, 0xf5, 0xa3, 0xed,
    0xa3, 0xf5, 0xa3, 0xf5, 0xa3, 0xf5, 0xa3, 0xf5, 0xa3, 0xf5, 0xa3, 0xf5,
    0xa3, 0xf5, 0xa3, 0xf5, 0xa3, 0xed, 0xa3, 0xf5, 0xa3, 0xf5, 0xa3, 0xf5,
    0xa3, 0xf5, 0xa3, 0xf5, 0xa3, 0xf5, 0xa3, 0xf5, 0xa3, 0xf5, 0xa3, 0xf5,
    0xa3, 0xf5, 0x03, 0xa6, 0xe4, 0x35, 0x01, 0x02, 0x00, 0x00, 0x00, 0x00,
    0x00, 0x00, 0x00, 0x00, 0x00, 0x00, 0x00, 0x00, 0x00, 0x00, 0x00, 0x00,
    0x00, 0x00, 0x00, 0x00, 0x00, 0x00, 0x00, 0x00, 0x00, 0x00, 0xe4, 0x1d,
    0x03, 0xa6, 0xc3, 0xf5, 0xc3, 0xf5, 0xc3, 0xf5, 0xc3, 0xf5, 0xc3, 0xf5,
    0xc3, 0xed, 0xc3, 0xf5, 0xc3, 0xf5, 0xc3, 0xf5, 0xc3, 0xf5, 0xc3, 0xf5,
    0xc3, 0xf5, 0xc3, 0xed, 0xc3, 0xf5, 0xc3, 0xf5, 0xc3, 0xed, 0xc3, 0xf5,
    0xc3, 0xf5, 0xc3, 0xf5, 0xc3, 0xf5, 0xc3, 0xf5, 0xc3, 0xed, 0xc3, 0xf5,
    0xc3, 0xf5, 0xc3, 0xed, 0xc3, 0xf5, 0xc3, 0xf5, 0xc3, 0xf5, 0xc3, 0xf5,
    0x04, 0xa6, 0xe4, 0x2d, 0x81, 0x01, 0x00, 0x00, 0x00, 0x00, 0x00, 0x00,
    0x00, 0x00, 0x00, 0x00, 0x00, 0x00, 0x00, 0x00, 0x00, 0x00, 0x00, 0x00,
    0x00, 0x00, 0x00, 0x00, 0x00, 0x00, 0x00, 0x00, 0xe4, 0x1d, 0x03, 0xa6,
    0xc3, 0xf5, 0xc3, 0xf5, 0xc3, 0xf5, 0xc3, 0xf5, 0xc3, 0xf5, 0xc3, 0xf5,
    0xc3, 0xf5, 0xc3, 0xf5, 0xc3, 0xed, 0xc3, 0xf5, 0xc3, 0xf5, 0xc3, 0xf5,
    0xc3, 0xf5, 0xc3, 0xf5, 0xc3, 0xf5, 0xc3, 0xf5, 0xc3, 0xf5, 0xc3, 0xf5,
    0xc3, 0xf5, 0xc3, 0xf5, 0xc3, 0xf5, 0xc3, 0xf5, 0xc3, 0xf5, 0xc3, 0xf5,
    0xc3, 0xf5, 0xc3, 0xf5, 0xc3, 0xed, 0xc3, 0xf5, 0xc3, 0xf5, 0x03, 0xa6,
    0xe4, 0x35, 0x81, 0x01, 0x00, 0x00, 0x00, 0x00, 0x00, 0x00, 0x00, 0x00,
    0x00, 0x00, 0x00, 0x00, 0x00, 0x00, 0x00, 0x00, 0x00, 0x00, 0x00, 0x00,
    0x00, 0x00, 0x00, 0x00, 0x00, 0x00, 0xe4, 0x2d, 0x43, 0xc6, 0xc3, 0xf5,
    0xe3, 0xf5, 0xc3, 0xf5, 0xe3, 0xed, 0xc3, 0xf5, 0xc3, 0xf5, 0xe3, 0xf5,
    0xc3, 0xf5, 0xc3, 0xf5, 0xe3, 0xf5, 0xc3, 0xf5, 0xc3, 0xf5, 0xe3, 0xf5,
    0xc3, 0xf5, 0xc3, 0xf5, 0xe3, 0xf5, 0xc3, 0xf5, 0xc3, 0xed, 0xe3, 0xf5,
    0xc3, 0xf5, 0xe3, 0xed, 0xc3, 0xf5, 0xe3, 0xf5, 0xc3, 0xf5, 0xc3, 0xf5,
    0xe3, 0xf5, 0xc3, 0xf5, 0xe3, 0xf5, 0xc3, 0xf5, 0x64, 0x8e, 0xe4, 0x1d,
    0x81, 0x01, 0x00, 0x00, 0x00, 0x00, 0x00, 0x00, 0x00, 0x00, 0x00, 0x00,
    0x00, 0x00, 0x00, 0x00, 0x00, 0x00, 0x00, 0x00, 0x00, 0x00, 0x00, 0x00,
    0x00, 0x00, 0x00, 0x00, 0xe4, 0x2d, 0x43, 0xc6, 0x03, 0xf6, 0x03, 0xf6,
    0x03, 0xf6, 0x03, 0xf6, 0x03, 0xf6, 0x03, 0xf6, 0x03, 0xf6, 0x03, 0xf6,
    0x03, 0xf6, 0x03, 0xf6, 0x03, 0xf6, 0x03, 0xf6, 0x03, 0xf6, 0x03, 0xf6,
    0x03, 0xf6, 0x03, 0xf6, 0x03, 0xf6, 0x03, 0xf6, 0x03, 0xf6, 0x03, 0xf6,
    0x03, 0xf6, 0x03, 0xf6, 0x03, 0xf6, 0x03, 0xf6, 0x03, 0xf6, 0x03, 0xf6,
    0x03, 0xf6, 0x03, 0xf6, 0x03, 0xf6, 0x64, 0x8e, 0xe4, 0x15, 0x81, 0x01,
    0x00, 0x00, 0x00, 0x00, 0x00, 0x00, 0x00, 0x00, 0x00, 0x00, 0x00, 0x00,
    0x00, 0x00, 0x00, 0x00, 0x00, 0x00, 0x00, 0x00, 0x00, 0x00, 0x00, 0x00,
    0x00, 0x00, 0xe4, 0x35, 0x43, 0xc6, 0x03, 0xf6, 0x04, 0xf6, 0x03, 0xf6,
    0x03, 0xf6, 0x04, 0xf6, 0x03, 0xf6, 0x03, 0xf6, 0x03, 0xf6, 0x03, 0xf6,
    0x03, 0xf6, 0x03, 0xf6, 0x03, 0xf6, 0x03, 0xf6, 0x03, 0xf6, 0x03, 0xf6,
    0x03, 0xf6, 0x03, 0xf6, 0x03, 0xf6, 0x03, 0xf6, 0x03, 0xf6, 0x03, 0xf6,
    0x03, 0xf6, 0x03, 0xf6, 0x03, 0xf6, 0x03, 0xf6, 0x03, 0xf6, 0x03, 0xf6,
    0x03, 0xf6, 0x03, 0xf6, 0x44, 0x8e, 0xe4, 0x1d, 0x81, 0x01, 0x00, 0x00,
    0x00, 0x00, 0x00, 0x00, 0x00, 0x00, 0x00, 0x00, 0x00, 0x00, 0x00, 0x00,
    0x00, 0x00, 0x00, 0x00, 0x00, 0x00, 0x00, 0x00, 0x00, 0x00, 0x00, 0x00,
    0x24, 0x26, 0x23, 0xc6, 0x03, 0xf6, 0xe3, 0xf5, 0x03, 0xf6, 0xe3, 0xf5,
    0x03, 0xf6, 0x03, 0xf6, 0xe3, 0xf5, 0x04, 0xf6, 0x03, 0xf6, 0xe3, 0xf5,
    0x04, 0xf6, 0x03, 0xf6, 0xe3, 0xf5, 0x03, 0xf6, 0x03, 0xf6, 0xe3, 0xf5,
    0x03, 0xf6, 0x03, 0xf6, 0xe3, 0xf5, 0x03, 0xf6, 0xe3, 0xf5, 0x03, 0xf6,
    0xe3, 0xf5, 0x03, 0xf6, 0x03, 0xf6, 0xe3, 0xf5, 0x03, 0xf6, 0x03, 0xf6,
    0x23, 0xf6, 0x44, 0x8e, 0xe3, 0x1d, 0x81, 0x01, 0x00, 0x00, 0x00, 0x00,
    0x00, 0x00, 0x00, 0x00, 0x00, 0x00, 0x00, 0x00, 0x00, 0x00, 0x00, 0x00,
    0x00, 0x00, 0x00, 0x00, 0x00, 0x00, 0x00, 0x00, 0x00, 0x00, 0x24, 0x26,
    0x44, 0xc6, 0x23, 0xf6, 0x23, 0xf6, 0x43, 0xfe, 0x23, 0xf6, 0x23, 0xf6,
    0x23, 0xf6, 0x23, 0xf6, 0x23, 0xf6, 0x23, 0xf6, 0x23, 0xf6, 0x23, 0xf6,
    0x23, 0xf6, 0x23, 0xf6, 0x24, 0xf6, 0x23, 0xf6, 0x23, 0xf6, 0x24, 0xf6,
    0x23, 0xf6, 0x23, 0xf6, 0x24, 0xf6, 0x23, 0xf6, 0x23, 0xf6, 0x24, 0xf6,
    0x23, 0xf6, 0x23, 0xf6, 0x24, 0xf6, 0x23, 0xf6, 0x23, 0xf6, 0x23, 0xf6,
    0x44, 0x8e, 0x23, 0x15, 0x41, 0x01, 0x00, 0x00, 0x00, 0x00, 0x00, 0x00,
    0x00, 0x00, 0x00, 0x00, 0x00, 0x00, 0x00, 0x00, 0x00, 0x00, 0x00, 0x00,
    0x00, 0x00, 0x00, 0x00, 0x00, 0x00, 0x00, 0x00, 0x24, 0x2e, 0x43, 0xc6,
    0x43, 0xfe, 0x43, 0xfe, 0x44, 0xfe, 0x23, 0xfe, 0x43, 0xfe, 0x44, 0xfe,
    0x23, 0xfe, 0x43, 0xf6, 0x43, 0xfe, 0x43, 0xfe, 0x23, 0xf6, 0x43, 0xfe,
    0x43, 0xfe, 0x43, 0xf6, 0x23, 0xfe, 0x43, 0xfe, 0x43, 0xf6, 0x43, 0xfe,
    0x43, 0xfe, 0x43, 0xfe, 0x43, 0xfe, 0x43, 0xfe, 0x43, 0xfe, 0x23, 0xfe,
    0x43, 0xfe, 0x43, 0xf6, 0x23, 0xfe, 0x43, 0xfe, 0x23, 0xf6, 0x44, 0x8e,
    0xe3, 0x14, 0x21, 0x01, 0x00, 0x00, 0x00, 0x00, 0x00, 0x00, 0x00, 0x00,
    0x00, 0x00, 0x00, 0x00, 0x00, 0x00, 0x00, 0x00, 0x00, 0x00, 0x00, 0x00,
    0x00, 0x00, 0x00, 0x00, 0x00, 0x00, 0x24, 0x26, 0x43, 0xc6, 0x43, 0xfe,
    0x23, 0xf6, 0x43, 0xf6, 0x43, 0xf6, 0x43, 0xf6, 0x43, 0xf6, 0x43, 0xfe,
    0x24, 0xf6, 0x43, 0xfe, 0x43, 0xf6, 0x44, 0xf6, 0x23, 0xfe, 0x43, 0xf6,
    0x43, 0xf6, 0x43, 0xfe, 0x23, 0xf6, 0x43, 0xfe, 0x23, 0xf6, 0x23, 0xf6,
    0x43, 0xf6, 0x23, 0xf6, 0x43, 0xf6, 0x43, 0xf6, 0x44, 0xfe, 0x43, 0xf6,
    0x43, 0xf6, 0x23, 0xfe, 0x43, 0xf6, 0x43, 0xf6, 0x64, 0x8e, 0xe3, 0x14,
    0x00, 0x01, 0x00, 0x00, 0x00, 0x00, 0x00, 0x00, 0x00, 0x00, 0x00, 0x00,
    0x00, 0x00, 0x00, 0x00, 0x00, 0x00, 0x00, 0x00, 0x00, 0x00, 0x00, 0x00,
    0x00, 0x00, 0x00, 0x00, 0x04, 0x56, 0x43, 0xc6, 0x43, 0xf6, 0x43, 0xf6,
    0x43, 0xf6, 0x43, 0xfe, 0x43, 0xf6, 0x43, 0xf6, 0x43, 0xf6, 0x43, 0xf6,
    0x43, 0xf6, 0x43, 0xfe, 0x43, 0xf6, 0x43, 0xf6, 0x44, 0xfe, 0x43, 0xf6,
    0x43, 0xf6, 0x64, 0xf6, 0x43, 0xf6, 0x43, 0xfe, 0x64, 0xf6, 0x43, 0xfe,
    0x43, 0xf6, 0x44, 0xf6, 0x43, 0xf6, 0x43, 0xf6, 0x43, 0xf6, 0x43, 0xfe,
    0x64, 0xf6, 0x43, 0xf6, 0x63, 0xfe, 0x44, 0x8e, 0xe3, 0x14, 0x21, 0x01,
    0x00, 0x00, 0x00, 0x00, 0x00, 0x00, 0x00, 0x00, 0x00, 0x00, 0x00, 0x00,
    0x00, 0x00, 0x00, 0x00, 0x00, 0x00, 0x00, 0x00, 0x00, 0x00, 0x00, 0x00,
    0x00, 0x00, 0x04, 0x5e, 0x84, 0xde, 0x83, 0xfe, 0x84, 0xfe, 0x84, 0xfe,
    0x83, 0xfe, 0x84, 0xfe, 0x84, 0xfe, 0x83, 0xfe, 0x83, 0xfe, 0x84, 0xfe,
    0x83, 0xfe, 0x83, 0xfe, 0x84, 0xfe, 0x83, 0xfe, 0x83, 0xfe, 0x84, 0xfe,
    0x83, 0xfe, 0x83, 0xfe, 0x84, 0xfe, 0x83, 0xfe, 0x83, 0xfe, 0x84, 0xfe,
    0x83, 0xfe, 0x83, 0xfe, 0x84, 0xfe, 0x83, 0xfe, 0x83, 0xfe, 0x84, 0xfe,
    0x43, 0xf6, 0xa3, 0xde, 0x44, 0x8e, 0xe3, 0x14, 0x01, 0x01, 0x00, 0x00,
    0x00, 0x00, 0x00, 0x00, 0x00, 0x00, 0x00, 0x00, 0x00, 0x00, 0x00, 0x00,
    0x00, 0x00, 0x00, 0x00, 0x00, 0x00, 0x00, 0x00, 0x00, 0x00, 0x00, 0x00,
    0x04, 0x56, 0x83, 0xde, 0x83, 0xfe, 0x83, 0xfe, 0x83, 0xfe, 0x83, 0xfe,
    0x83, 0xfe, 0x83, 0xfe, 0x83, 0xfe, 0x84, 0xfe, 0x83, 0xfe, 0x83, 0xfe,
    0x84, 0xfe, 0x83, 0xfe, 0x83, 0xfe, 0x83, 0xfe, 0x83, 0xfe, 0x83, 0xfe,
    0x84, 0xfe, 0x83, 0xfe, 0x83, 0xfe, 0x83, 0xfe, 0x83, 0xfe, 0x83, 0xfe,
    0x83, 0xfe, 0x84, 0xfe, 0x83, 0xfe, 0x83, 0xfe, 0x83, 0xfe, 0x83, 0xfe,
    0x43, 0xf6, 0xa4, 0x66, 0xe3, 0x14, 0x01, 0x01, 0x00, 0x00, 0x00, 0x00,
    0x00, 0x00, 0x00, 0x00, 0x00, 0x00, 0x00, 0x00, 0x00, 0x00, 0x00, 0x00,
    0x00, 0x00, 0x00, 0x00, 0x00, 0x00, 0x00, 0x00, 0x00, 0x00, 0x04, 0x56,
    0x83, 0xde, 0x83, 0xfe, 0x83, 0xfe, 0x63, 0xfe, 0x84, 0xf6, 0x83, 0xfe,
    0x63, 0xfe, 0x84, 0xfe, 0x83, 0xf6, 0x63, 0xfe, 0x83, 0xfe, 0x83, 0xf6,
    0x63, 0xfe, 0x84, 0xfe, 0x83, 0xf6, 0x63, 0xfe, 0x84, 0xfe, 0x63, 0xf6,
    0x83, 0xfe, 0x64, 0xfe, 0x83, 0xf6, 0x84, 0xfe, 0x63, 0xfe, 0x83, 0xfe,
    0x63, 0xfe, 0x83, 0xf6, 0x64, 0xfe, 0x83, 0xfe, 0x83, 0xfe, 0x84, 0xde,
    0x84, 0x66, 0xe3, 0x14, 0x20, 0x01, 0x00, 0x00, 0x00, 0x00, 0x00, 0x00,
    0x00, 0x00, 0x00, 0x00, 0x00, 0x00, 0x00, 0x00, 0x00, 0x00, 0x00, 0x00,
    0x00, 0x00, 0x00, 0x00, 0x00, 0x00, 0x00, 0x00, 0x04, 0x56, 0x83, 0xde,
    0xa4, 0xfe, 0xa3, 0xfe, 0xa3, 0xfe, 0xa4, 0xfe, 0xa3, 0xfe, 0xa3, 0xfe,
    0xa3, 0xfe, 0xa3, 0xfe, 0xa4, 0xfe, 0xa3, 0xfe, 0xa3, 0xfe, 0xa4, 0xfe,
    0xa3, 0xfe, 0xa3, 0xfe, 0xa4, 0xfe, 0xa3, 0xfe, 0xa3, 0xfe, 0xa3, 0xfe,
    0xa3, 0xfe, 0xa4, 0xfe, 0xa3, 0xfe, 0xa3, 0xfe, 0xa4, 0xfe, 0xa3, 0xfe,
    0xa3, 0xfe, 0xa4, 0xfe, 0xa3, 0xfe, 0xa3, 0xfe, 0xa4, 0xde, 0x84, 0x66,
    0xe3, 0x14, 0x01, 0x01, 0x00, 0x00, 0x00, 0x00, 0x00, 0x00, 0x00, 0x00,
    0x00, 0x00, 0x00, 0x00, 0x00, 0x00, 0x00, 0x00, 0x00, 0x00, 0x00, 0x00,
    0x00, 0x00, 0x00, 0x00, 0x00, 0x00, 0x04, 0x56, 0x83, 0xde, 0xa3, 0xfe,
    0xa4, 0xfe, 0xa3, 0xfe, 0xa3, 0xfe, 0xa3, 0xfe, 0xa4, 0xf6, 0xa3, 0xfe,
    0xa3, 0xfe, 0xa4, 0xfe, 0xa3, 0xfe, 0xa3, 0xfe, 0xa4, 0xfe, 0xa3, 0xfe,
    0xa3, 0xfe, 0xa3, 0xfe, 0xa3, 0xfe, 0xa4, 0xfe, 0xa3, 0xfe, 0xa3, 0xfe,
    0xa3, 0xfe, 0xa3, 0xf6, 0xa3, 0xfe, 0xa4, 0xfe, 0xa3, 0xfe, 0xa3, 0xfe,
    0xa3, 0xfe, 0xa3, 0xfe, 0xa3, 0xfe, 0xe3, 0xee, 0xa4, 0x66, 0xe3, 0x14,
    0x01, 0x01, 0x00, 0x00, 0x00, 0x00, 0x00, 0x00, 0x00, 0x00, 0x00, 0x00,
    0x00, 0x00, 0x00, 0x00, 0x00, 0x00, 0x00, 0x00, 0x00, 0x00, 0x00, 0x00,
    0x00, 0x00, 0x00, 0x00, 0x84, 0x66, 0xa3, 0xde, 0xa3, 0xfe, 0xc3, 0xfe,
    0xa3, 0xf6, 0xa3, 0xfe, 0xc4, 0xfe, 0xa3, 0xfe, 0xa3, 0xfe, 0xc3, 0xfe,
    0xa3, 0xf6, 0xc3, 0xfe, 0xa3, 0xfe, 0xc3, 0xf6, 0xa4, 0xfe, 0xa3, 0xfe,
    0xc3, 0xf6, 0xa4, 0xfe, 0xc3, 0xfe, 0xa3, 0xf6, 0xc4, 0xfe, 0xa3, 0xfe,
    0xa3, 0xfe, 0xc4, 0xfe, 0xa3, 0xf6, 0xc3, 0xfe, 0xa4, 0xfe, 0xc3, 0xf6,
    0xa4, 0xfe, 0xa3, 0xfe, 0xe3, 0xe6, 0xa4, 0x66, 0xe3, 0x14, 0x20, 0x01,
    0x00, 0x00, 0x00, 0x00, 0x00, 0x00, 0x00, 0x00, 0x00, 0x00, 0x00, 0x00,
    0x00, 0x00, 0x00, 0x00, 0x00, 0x00, 0x00, 0x00, 0x00, 0x00, 0x00, 0x00,
    0x00, 0x00, 0x84, 0x66, 0x04, 0xd7, 0xe3, 0xfe, 0xe3, 0xfe, 0xe4, 0xfe,
    0xe3, 0xfe, 0xe3, 0xfe, 0xe4, 0xfe, 0xe3, 0xfe, 0xe4, 0xfe, 0xe3, 0xfe,
    0xc4, 0xfe, 0xe3, 0xfe, 0xe3, 0xfe, 0xe3, 0xfe, 0xe3, 0xfe, 0xe4, 0xfe,
    0xe3, 0xfe, 0xc3, 0xfe, 0xe3, 0xfe, 0xe4, 0xfe, 0xe3, 0xfe, 0xe3, 0xfe,
    0xe3, 0xfe, 0xe3, 0xfe, 0xc3, 0xfe, 0xe3, 0xfe, 0xe4, 0xfe, 0xe3, 0xfe,
    0xe3, 0xfe, 0xe4, 0xee, 0x84, 0x66, 0x83, 0x14, 0x01, 0x01, 0x00, 0x00,
    0x00, 0x00, 0x00, 0x00, 0x00, 0x00, 0x00, 0x00, 0x00, 0x00, 0x00, 0x00,
    0x00, 0x00, 0x00, 0x00, 0x00, 0x00, 0x00, 0x00, 0x00, 0x00, 0x00, 0x00,
    0xa4, 0x66, 0x03, 0xdf, 0xe3, 0xfe, 0xc4, 0xfe, 0xc3, 0xfe, 0xc3, 0xfe,
    0xc3, 0xfe, 0xc3, 0xfe, 0xc3, 0xfe, 0xc3, 0xfe, 0xe4, 0xfe, 0xc3, 0xfe,
    0xc3, 0xfe, 0xc4, 0xfe, 0xc3, 0xfe, 0xc3, 0xfe, 0xc3, 0xfe, 0xe3, 0xfe,
    0xc3, 0xfe, 0xc4, 0xfe, 0xc3, 0xfe, 0xc3, 0xfe, 0xc4, 0xfe, 0xc3, 0xfe,
    0xe4, 0xfe, 0xc3, 0xfe, 0xc3, 0xfe, 0xc3, 0xfe, 0xe3, 0xfe, 0xc3, 0xfe,
    0xe4, 0xee, 0xa4, 0x66, 0xe2, 0x0b, 0xc0, 0x00, 0x00, 0x00, 0x00, 0x00,
    0x00, 0x00, 0x00, 0x00, 0x00, 0x00, 0x00, 0x00, 0x00, 0x00, 0x00, 0x00,
    0x00, 0x00, 0x00, 0x00, 0x00, 0x00, 0x00, 0x00, 0x00, 0x00, 0x84, 0x66,
    0x03, 0xdf, 0xe3, 0xfe, 0x03, 0xff, 0x03, 0xff, 0xe4, 0xfe, 0x03, 0xff,
    0x03, 0xff, 0xe4, 0xfe, 0x03, 0xff, 0xe3, 0xfe, 0x03, 0xff, 0x03, 0xff,
    0x04, 0xff, 0x03, 0xff, 0xe3, 0xfe, 0x04, 0xff, 0x03, 0xff, 0xe3, 0xfe,
    0x03, 0xff, 0x03, 0xff, 0x03, 0xff, 0xe3, 0xfe, 0x04, 0xff, 0x03, 0xff,
    0xe3, 0xfe, 0x04, 0xff, 0x03, 0xff, 0xe3, 0xfe, 0xe3, 0xfe, 0xe3, 0xee,
    0x84, 0x66, 0xa2, 0x0b, 0xc0, 0x00, 0x00, 0x00, 0x00, 0x00, 0x00, 0x00,
    0x00, 0x00, 0x00, 0x00, 0x00, 0x00, 0x00, 0x00, 0x00, 0x00, 0x00, 0x00,
    0x00, 0x00, 0x00, 0x00, 0x00, 0x00, 0x00, 0x00, 0x84, 0x66, 0x04, 0xd7,
    0x03, 0xff, 0x03, 0xff, 0x04, 0xff, 0x03, 0xff, 0x03, 0xff, 0x04, 0xff,
    0x03, 0xff, 0x03, 0xff, 0x03, 0xff, 0x04, 0xff, 0x03, 0xff, 0x03, 0xff,
    0x03, 0xff, 0x04, 0xff, 0x03, 0xff, 0x04, 0xff, 0x03, 0xff, 0x03, 0xff,
    0x04, 0xff, 0x03, 0xff, 0x03, 0xff, 0x03, 0xff, 0x03, 0xff, 0x03, 0xff,
    0x04, 0xff, 0x03, 0xff, 0x04, 0xff, 0x03, 0xff, 0xe4, 0xee, 0xa4, 0x66,
    0xc2, 0x0b, 0xc1, 0x00, 0x00, 0x00, 0x00, 0x00, 0x00, 0x00, 0x00, 0x00,
    0x00, 0x00, 0x00, 0x00, 0x00, 0x00, 0x00, 0x00, 0x00, 0x00, 0x00, 0x00,
    0x00, 0x00, 0x00, 0x00, 0x00, 0x00, 0xc4, 0x5e, 0x03, 0xd7, 0x03, 0xff,
    0x04, 0xff, 0x03, 0xff, 0x23, 0xff, 0x03, 0xff, 0x03, 0xff, 0x23, 0xff,
    0x04, 0xff, 0x03, 0xff, 0x03, 0xff, 0x04, 0xff, 0x03, 0xff, 0x03, 0xff,
    0x03, 0xff, 0x03, 0xff, 0x03, 0xff, 0x04, 0xff, 0x03, 0xff, 0x03, 0xff,
    0x04, 0xff, 0x23, 0xff, 0x03, 0xff, 0x04, 0xff, 0x03, 0xff, 0x03, 0xff,
    0x23, 0xff, 0x03, 0xff, 0x03, 0xff, 0xe4, 0xe6, 0xa4, 0x66, 0xa2, 0x0b,
    0xc0, 0x00, 0x00, 0x00, 0x00, 0x00, 0x00, 0x00, 0x00, 0x00, 0x00, 0x00,
    0x00, 0x00, 0x00, 0x00, 0x00, 0x00, 0x00, 0x00, 0x00, 0x00, 0x00, 0x00,
    0x00, 0x00, 0x00, 0x00, 0xc4, 0x56, 0x03, 0xdf, 0x24, 0xff, 0x23, 0xff,
    0x43, 0xff, 0x24, 0xff, 0x24, 0xff, 0x43, 0xff, 0x24, 0xff, 0x24, 0xff,
    0x43, 0xff, 0x43, 0xff, 0x24, 0xff, 0x44, 0xff, 0x43, 0xff, 0x24, 0xff,
    0x44, 0xff, 0x43, 0xff, 0x24, 0xff, 0x43, 0xff, 0x43, 0xff, 0x24, 0xff,
    0x24, 0xff, 0x43, 0xff, 0x24, 0xff, 0x24, 0xff, 0x43, 0xff, 0x24, 0xff,
    0x23, 0xff, 0x43, 0xff, 0x64, 0xe7, 0x84, 0x66, 0xc2, 0x0b, 0xc0, 0x00,
    0x00, 0x00, 0x00, 0x00, 0x00, 0x00, 0x00, 0x00, 0x00, 0x00, 0x00, 0x00,
    0x00, 0x00, 0x00, 0x00, 0x00, 0x00, 0x00, 0x00, 0x00, 0x00, 0x00, 0x00,
    0x00, 0x00, 0xc4, 0x56, 0x04, 0xdf, 0x23, 0xff, 0x23, 0xff, 0x24, 0xff,
    0x23, 0xff, 0x23, 0xff, 0x24, 0xff, 0x23, 0xff, 0x23, 0xff, 0x24, 0xff,
    0x23, 0xff, 0x23, 0xff, 0x23, 0xff, 0x23, 0xff, 0x24, 0xff, 0x23, 0xff,
    0x23, 0xff, 0x24, 0xff, 0x23, 0xff, 0x23, 0xff, 0x24, 0xff, 0x23, 0xff,
    0x23, 0xff, 0x43, 0xff, 0x23, 0xff, 0x24, 0xff, 0x23, 0xff, 0x24, 0xff,
    0x23, 0xff, 0x63, 0xef, 0xa4, 0x66, 0xa2, 0x0b, 0xc1, 0x00, 0x00, 0x00,
    0x00, 0x00, 0x00, 0x00, 0x00, 0x00, 0x00, 0x00, 0x00, 0x00, 0x00, 0x00,
    0x00, 0x00, 0x00, 0x00, 0x00, 0x00, 0x00, 0x00, 0x00, 0x00, 0x00, 0x00,
    0xc4, 0x5e, 0x43, 0xdf, 0x63, 0xff, 0x64, 0xff, 0x63, 0xff, 0x63, 0xff,
    0x64, 0xff, 0x63, 0xff, 0x63, 0xff, 0x63, 0xff, 0x64, 0xff, 0x63, 0xff,
    0x64, 0xff, 0x63, 0xff, 0x63, 0xff, 0x64, 0xff, 0x63, 0xff, 0x63, 0xff,
    0x64, 0xff, 0x63, 0xff, 0x63, 0xff, 0x64, 0xff, 0x63, 0xff, 0x63, 0xff,
    0x64, 0xff, 0x63, 0xff, 0x63, 0xff, 0x64, 0xff, 0x63, 0xff, 0x24, 0xff,
    0x64, 0xef, 0xa4, 0x66, 0xa2, 0x0b, 0xc0, 0x00, 0x00, 0x00, 0x00, 0x00,
    0x00, 0x00, 0x00, 0x00, 0x00, 0x00, 0x00, 0x00, 0x00, 0x00, 0x00, 0x00,
    0x00, 0x00, 0x00, 0x00, 0x00, 0x00, 0x00, 0x00, 0x00, 0x00, 0xc4, 0x56,
    0x44, 0xdf, 0x63, 0xff, 0x64, 0xff, 0x63, 0xff, 0x24, 0xff, 0x63, 0xff,
    0x64, 0xff, 0x23, 0xff, 0x64, 0xff, 0x63, 0xff, 0x23, 0xff, 0x64, 0xff,
    0x64, 0xff, 0x23, 0xff, 0x63, 0xff, 0x64, 0xff, 0x23, 0xff, 0x63, 0xff,
    0x64, 0xff, 0x23, 0xff, 0x64, 0xff, 0x63, 0xff, 0x24, 0xff, 0x64, 0xff,
    0x63, 0xff, 0x23, 0xff, 0x64, 0xff, 0x63, 0xff, 0x63, 0xff, 0x64, 0xef,
    0xa4, 0x66, 0xa2, 0x0b, 0xc1, 0x00, 0x00, 0x00, 0x00, 0x00, 0x00, 0x00,
    0x00, 0x00, 0x00, 0x00, 0x00, 0x00, 0x00, 0x00, 0x00, 0x00, 0x00, 0x00,
    0x00, 0x00, 0x00, 0x00, 0x00, 0x00, 0x00, 0x00, 0xc4, 0x56, 0x43, 0xdf,
    0x63, 0xff, 0x63, 0xff, 0x64, 0xff, 0x63, 0xff, 0x63, 0xff, 0x64, 0xff,
    0x63, 0xff, 0x63, 0xff, 0x64, 0xff, 0x63, 0xff, 0x63, 0xff, 0x64, 0xff,
    0x63, 0xff, 0x63, 0xff, 0x64, 0xff, 0x63, 0xff, 0x64, 0xff, 0x63, 0xff,
    0x63, 0xff, 0x64, 0xff, 0x63, 0xff, 0x63, 0xff, 0x63, 0xff, 0x64, 0xff,
    0x63, 0xff, 0x63, 0xff, 0x63, 0xff, 0x63, 0xff, 0x63, 0xf7, 0x84, 0x66,
    0xc2, 0x0b, 0xc0, 0x00, 0x00, 0x00, 0x00, 0x00, 0x00, 0x00, 0x00, 0x00,
    0x00, 0x00, 0x00, 0x00, 0x00, 0x00, 0x00, 0x00, 0x00, 0x00, 0x00, 0x00,
    0x00, 0x00, 0x00, 0x00, 0x00, 0x00, 0xc4, 0x56, 0x44, 0xdf, 0x63, 0xff,
    0x63, 0xff, 0x64, 0xff, 0x63, 0xff, 0x63, 0xff, 0x64, 0xff, 0x63, 0xff,
    0x63, 0xff, 0x64, 0xff, 0x63, 0xff, 0x63, 0xff, 0x64, 0xff, 0x63, 0xff,
    0x64, 0xff, 0x63, 0xff, 0x63, 0xff, 0x64, 0xff, 0x63, 0xff, 0x63, 0xff,
    0x64, 0xff, 0x63, 0xff, 0x63, 0xff, 0x64, 0xff, 0x63, 0xff, 0x64, 0xff,
    0x64, 0xff, 0x63, 0xff, 0x64, 0xff, 0x64, 0xef, 0xa4, 0x66, 0xa2, 0x0b,
    0xc0, 0x00, 0x00, 0x00, 0x00, 0x00, 0x00, 0x00, 0x00, 0x00, 0x00, 0x00,
    0x00, 0x00, 0x00, 0x00, 0x00, 0x00, 0x00, 0x00, 0x00, 0x00, 0x00, 0x00,
    0x00, 0x00, 0x00, 0x00, 0xc4, 0x56, 0x44, 0xdf, 0x83, 0xff, 0x84, 0xff,
    0x83, 0xff, 0x84, 0xff, 0x63, 0xff, 0x83, 0xff, 0x84, 0xff, 0x83, 0xff,
    0x84, 0xff, 0x63, 0xff, 0x83, 0xff, 0x84, 0xff, 0x63, 0xff, 0x83, 0xff,
    0x84, 0xff, 0x63, 0xff, 0x83, 0xff, 0x84, 0xff, 0x63, 0xff, 0x84, 0xff,
    0x83, 0xff, 0x64, 0xff, 0x83, 0xff, 0x83, 0xff, 0x63, 0xff, 0x84, 0xff,
    0x83, 0xff, 0x63, 0xff, 0x64, 0xef, 0xa4, 0x66, 0xa2, 0x0b, 0xc1, 0x00,
    0x00, 0x00, 0x00, 0x00, 0x00, 0x00, 0x00, 0x00, 0x00, 0x00, 0x00, 0x00,
    0x00, 0x00, 0x00, 0x00, 0x00, 0x00, 0x00, 0x00, 0x00, 0x00, 0x00, 0x00,
    0x00, 0x00, 0xc4, 0x5e, 0x43, 0xd7, 0x83, 0xff, 0x63, 0xff, 0x64, 0xff,
    0x63, 0xff, 0x64, 0xff, 0x63, 0xff, 0x63, 0xff, 0x64, 0xff, 0x63, 0xff,
    0x64, 0xff, 0x63, 0xff, 0x63, 0xff, 0x64, 0xff, 0x63, 0xff, 0x64, 0xff,
    0x63, 0xff, 0x64, 0xff, 0x63, 0xff, 0x63, 0xff, 0x63, 0xff, 0x64, 0xff,
    0x63, 0xff, 0x64, 0xff, 0x63, 0xff, 0x63, 0xff, 0x64, 0xff, 0x63, 0xff,
    0x63, 0xff, 0x64, 0xef, 0xa4, 0x66, 0xc2, 0x0b, 0xc0, 0x00, 0x00, 0x00,
    0x00, 0x00, 0x00, 0x00, 0x00, 0x00, 0x00, 0x00, 0x00, 0x00, 0x00, 0x00,
    0x00, 0x00, 0x00, 0x00, 0x00, 0x00, 0x00, 0x00, 0x00, 0x00, 0x00, 0x00,
    0xc4, 0x56, 0x44, 0xd7, 0x63, 0xff, 0x64, 0xff, 0x63, 0xff, 0x63, 0xff,
    0x64, 0xff, 0x63, 0xff, 0x63, 0xff, 0x64, 0xff, 0x63, 0xff, 0x83, 0xff,
    0x64, 0xff, 0x63, 0xff, 0x83, 0xff, 0x64, 0xf7, 0x63, 0xff, 0x83, 0xff,
    0x64, 0xff, 0x63, 0xff, 0x84, 0xf7, 0x63, 0xff, 0x63, 0xff, 0x84, 0xff,
    0x63, 0xff, 0x64, 0xf7, 0x83, 0xff, 0x63, 0xff, 0x64, 0xff, 0x63, 0xff,
    0x63, 0xe7, 0x84, 0x66, 0xc2, 0x0b, 0xc1, 0x00, 0x00, 0x00, 0x00, 0x00,
    0x00, 0x00, 0x00, 0x00, 0x00, 0x00, 0x00, 0x00, 0x00, 0x00, 0x00, 0x00,
    0x00, 0x00, 0x00, 0x00, 0x00, 0x00, 0x00, 0x00, 0x00, 0x00, 0xc4, 0x56,
    0x44, 0xd7, 0x63, 0xff, 0x83, 0xf7, 0x64, 0xf7, 0x83, 0xf7, 0x83, 0xf7,
    0x64, 0xf7, 0x83, 0xf7, 0x64, 0xf7, 0x63, 0xf7, 0x83, 0xf7, 0x64, 0xf7,
    0x63, 0xf7, 0x83, 0xf7, 0x64, 0xf7, 0x63, 0xf7, 0x83, 0xf7, 0x64, 0xf7,
    0x63, 0xf7, 0x84, 0xf7, 0x63, 0xf7, 0x63, 0xf7, 0x84, 0xf7, 0x63, 0xf7,
    0x63, 0xf7, 0x84, 0xf7, 0x63, 0xf7, 0x64, 0xf7, 0x83, 0xff, 0x64, 0xe7,
    0x84, 0x66, 0xa2, 0x0b, 0xc0, 0x00, 0x00, 0x00, 0x00, 0x00, 0x00, 0x00,
    0x00, 0x00, 0x00, 0x00, 0x00, 0x00, 0x00, 0x00, 0x00, 0x00, 0x00, 0x00,
    0x00, 0x00, 0x00, 0x00, 0x00, 0x00, 0x00, 0x00, 0xc4, 0x5e, 0x44, 0xd7,
    0x63, 0xf7, 0x63, 0xf7, 0x64, 0xf7, 0x63, 0xf7, 0x63, 0xf7, 0x64, 0xf7,
    0x83, 0xf7, 0x63, 0xf7, 0x64, 0xf7, 0x63, 0xf7, 0x64, 0xf7, 0x63, 0xf7,
    0x64, 0xf7, 0x63, 0xff, 0x63, 0xf7, 0x64, 0xf7, 0x63, 0xf7, 0x63, 0xff,
    0x64, 0xf7, 0x63, 0xf7, 0x63, 0xf7, 0x64, 0xf7, 0x63, 0xff, 0x63, 0xf7,
    0x64, 0xf7, 0x63, 0xf7, 0x63, 0xf7, 0x64, 0xf7, 0x63, 0xe7, 0xa4, 0x66,
    0xc2, 0x0b, 0xc1, 0x00, 0x00, 0x00, 0x00, 0x00, 0x00, 0x00, 0x00, 0x00,
    0x00, 0x00, 0x00, 0x00, 0x00, 0x00, 0x00, 0x00, 0x00, 0x00, 0x00, 0x00,
    0x00, 0x00, 0x00, 0x00, 0x00, 0x00, 0xc4, 0x56, 0x44, 0xd7, 0x63, 0xf7,
    0x83, 0xff, 0x64, 0xff, 0x63, 0xf7, 0x64, 0xff, 0x63, 0xff, 0x63, 0xf7,
    0x84, 0xff, 0x63, 0xff, 0x63, 0xf7, 0x84, 0xff, 0x63, 0xff, 0x83, 0xf7,
    0x64, 0xff, 0x83, 0xff, 0x64, 0xf7, 0x83, 0xff, 0x63, 0xf7, 0x64, 0xff,
    0x83, 0xff, 0x64, 0xf7, 0x63, 0xff, 0x84, 0xf7, 0x63, 0xff, 0x83, 0xff,
    0x64, 0xff, 0x83, 0xf7, 0x63, 0xff, 0x64, 0xdf, 0x84, 0x66, 0xc2, 0x0b,
    0xc0, 0x00, 0x00, 0x00, 0x00, 0x00, 0x00, 0x00, 0x00, 0x00, 0x00, 0x00,
    0x00, 0x00, 0x00, 0x00, 0x00, 0x00, 0x00, 0x00, 0x00, 0x00, 0x00, 0x00,
    0x00, 0x00, 0x00, 0x00, 0xc4, 0x56, 0x43, 0xcf, 0x63, 0xf7, 0x84, 0xf7,
    0x63, 0xf7, 0x83, 0xf7, 0x84, 0xf7, 0x63, 0xf7, 0x64, 0xf7, 0x64, 0xf7,
    0x83, 0xf7, 0x63, 0xf7, 0x64, 0xf7, 0x83, 0xf7, 0x63, 0xef, 0x64, 0xf7,
    0x63, 0xf7, 0x63, 0xf7, 0x84, 0xf7, 0x63, 0xf7, 0x63, 0xf7, 0x84, 0xf7,
    0x63, 0xf7, 0x63, 0xf7, 0x84, 0xf7, 0x63, 0xef, 0x63, 0xf7, 0x64, 0xf7,
    0x63, 0xf7, 0x63, 0xf7, 0x64, 0xdf, 0x84, 0x66, 0xa2, 0x0b, 0xc1, 0x00,
    0x00, 0x00, 0x00, 0x00, 0x00, 0x00, 0x00, 0x00, 0x00, 0x00, 0x00, 0x00,
    0x00, 0x00, 0x00, 0x00, 0x00, 0x00, 0x00, 0x00, 0x00, 0x00, 0x00, 0x00,
    0x00, 0x00, 0xc4, 0x5e, 0x44, 0xcf, 0x63, 0xf7, 0x64, 0xef, 0x63, 0xef,
    0x63, 0xef, 0x64, 0xef, 0x63, 0xf7, 0x83, 0xef, 0x63, 0xef, 0x64, 0xef,
    0x63, 0xf7, 0x64, 0xef, 0x63, 0xef, 0x64, 0xf7, 0x63, 0xef, 0x63, 0xef,
    0x64, 0xf7, 0x64, 0xef, 0x63, 0xef, 0x63, 0xef, 0x64, 0xef, 0x63, 0xf7,
    0x63, 0xef, 0x64, 0xf7, 0x63, 0xef, 0x84, 0xef, 0x63, 0xf7, 0x64, 0xef,
    0x83, 0xf7, 0x64, 0xdf, 0xa4, 0x66, 0xa2, 0x0b, 0xc0, 0x00, 0x00, 0x00,
    0x00, 0x00, 0x00, 0x00, 0x00, 0x00, 0x00, 0x00, 0x00, 0x00, 0x00, 0x00,
    0x00, 0x00, 0x00, 0x00, 0x00, 0x00, 0x00, 0x00, 0x00, 0x00, 0x00, 0x00,
    0xc4, 0x56, 0x44, 0xcf, 0x63, 0xf7, 0x63, 0xf7, 0x84, 0xf7, 0x63, 0xf7,
    0x63, 0xf7, 0x64, 0xef, 0x63, 0xf7, 0x83, 0xf7, 0x64, 0xf7, 0x63, 0xef,
    0x83, 0xf7, 0x64, 0xf7, 0x83, 0xf7, 0x83, 0xf7, 0x64, 0xef, 0x83, 0xf7,
    0x63, 0xf7, 0x84, 0xf7, 0x83, 0xf7, 0x64, 0xf7, 0x83, 0xef, 0x84, 0xf7,
    0x63, 0xf7, 0x63, 0xf7, 0x84, 0xf7, 0x63, 0xef, 0x63, 0xf7, 0x63, 0xf7,
    0x64, 0xdf, 0xc4, 0x5e, 0x43, 0x14, 0xc0, 0x00, 0x00, 0x00, 0x00, 0x00,
    0x00, 0x00, 0x00, 0x00, 0x00, 0x00, 0x00, 0x00, 0x00, 0x00, 0x00, 0x00,
    0x00, 0x00, 0x00, 0x00, 0x00, 0x00, 0x00, 0x00, 0x00, 0x00, 0xc4, 0x56,
    0x43, 0xcf, 0x64, 0xef, 0x64, 0xef, 0x64, 0xef, 0x63, 0xef, 0x64, 0xef,
    0x64, 0xef, 0x64, 0xef, 0x64, 0xef, 0x63, 0xef, 0x64, 0xef, 0x64, 0xef,
    0x63, 0xef, 0x64, 0xef, 0x64, 0xef, 0x64, 0xef, 0x63, 0xef, 0x64, 0xef,
    0x64, 0xef, 0x63, 0xef, 0x64, 0xef, 0x64, 0xef, 0x63, 0xef, 0x64, 0xef,
    0x64, 0xef, 0x63, 0xef, 0x64, 0xef, 0x64, 0xef, 0x63, 0xef, 0x43, 0xdf,
    0xc4, 0x56, 0xe3, 0x14, 0x01, 0x01, 0x00, 0x00, 0x00, 0x00, 0x00, 0x00,
    0x00, 0x00, 0x00, 0x00, 0x00, 0x00, 0x00, 0x00, 0x00, 0x00, 0x00, 0x00,
    0x00, 0x00, 0x00, 0x00, 0x00, 0x00, 0x00, 0x00, 0xc4, 0x5e, 0x44, 0xcf,
    0x63, 0xef, 0x63, 0xe7, 0x63, 0xef, 0x64, 0xef, 0x63, 0xef, 0x63, 0xef,
    0x63, 0xef, 0x64, 0xef, 0x63, 0xef, 0x63, 0xef, 0x64, 0xef, 0x63, 0xef,
    0x63, 0xef, 0x64, 0xef, 0x63, 0xef, 0x63, 0xef, 0x64, 0xef, 0x63, 0xef,
    0x63, 0xef, 0x64, 0xef, 0x63, 0xef, 0x63, 0xef, 0x64, 0xef, 0x63, 0xef,
    0x63, 0xef, 0x64, 0xef, 0x64, 0xef, 0x63, 0xef, 0x64, 0xd7, 0xe4, 0x5e,
    0xe3, 0x14, 0x21, 0x01, 0x00, 0x00, 0x00, 0x00, 0x00, 0x00, 0x00, 0x00,
    0x00, 0x00, 0x00, 0x00, 0x00, 0x00, 0x00, 0x00, 0x00, 0x00, 0x00, 0x00,
    0x00, 0x00, 0x00, 0x00, 0x00, 0x00, 0x84, 0x46, 0x44, 0xcf, 0x63, 0xef,
    0x64, 0xef, 0x64, 0xef, 0x63, 0xef, 0x64, 0xef, 0x64, 0xef, 0x63, 0xef,
    0x64, 0xef, 0x64, 0xef, 0x63, 0xef, 0x64, 0xe7, 0x64, 0xef, 0x63, 0xef,
    0x64, 0xef, 0x63, 0xef, 0x64, 0xe7, 0x64, 0xef, 0x63, 0xef, 0x64, 0xe7,
    0x63, 0xef, 0x64, 0xef, 0x64, 0xe7, 0x63, 0xef, 0x64, 0xef, 0x63, 0xe7,
    0x64, 0xef, 0x63, 0xef, 0x64, 0xef, 0x64, 0xd7, 0xe4, 0x5e, 0xe3, 0x14,
    0x01, 0x01, 0x00, 0x00, 0x00, 0x00, 0x00, 0x00, 0x00, 0x00, 0x00, 0x00,
    0x00, 0x00, 0x00, 0x00, 0x00, 0x00, 0x00, 0x00, 0x00, 0x00, 0x00, 0x00,
    0x00, 0x00, 0x00, 0x00, 0x84, 0x46, 0x43, 0xc7, 0x63, 0xe7, 0x64, 0xe7,
    0x63, 0xe7, 0x63, 0xe7, 0x64, 0xe7, 0x64, 0xe7, 0x63, 0xe7, 0x63, 0xe7,
    0x64, 0xe7, 0x63, 0xe7, 0x63, 0xe7, 0x64, 0xe7, 0x63, 0xe7, 0x64, 0xe7,
    0x63, 0xe7, 0x63, 0xe7, 0x64, 0xe7, 0x63, 0xe7, 0x64, 0xe7, 0x63, 0xe7,
    0x63, 0xe7, 0x64, 0xe7, 0x63, 0xe7, 0x64, 0xe7, 0x64, 0xe7, 0x63, 0xe7,
    0x63, 0xe7, 0x64, 0xe7, 0x44, 0xd7, 0xc4, 0x5e, 0xe3, 0x14, 0x01, 0x01,
    0x00, 0x00, 0x00, 0x00, 0x00, 0x00, 0x00, 0x00, 0x00, 0x00, 0x00, 0x00,
    0x00, 0x00, 0x00, 0x00, 0x00, 0x00, 0x00, 0x00, 0x00, 0x00, 0x00, 0x00,
    0x00, 0x00, 0x84, 0x46, 0x44, 0xc7, 0x63, 0xe7, 0x64, 0xe7, 0x64, 0xe7,
    0x63, 0xe7, 0x63, 0xe7, 0x64, 0xe7, 0x63, 0xe7, 0x64, 0xe7, 0x63, 0xe7,
    0x64, 0xe7, 0x64, 0xe7, 0x63, 0xe7, 0x64, 0xe7, 0x63, 0xe7, 0x64, 0xe7,
    0x64, 0xe7, 0x63, 0xe7, 0x64, 0xe7, 0x63, 0xe7, 0x44, 0xe7, 0x64, 0xe7,
    0x63, 0xe7, 0x63, 0xe7, 0x64, 0xe7, 0x63, 0xe7, 0x63, 0xe7, 0x64, 0xe7,
    0x63, 0xe7, 0x43, 0xd7, 0xc4, 0x56, 0xe3, 0x14, 0x20, 0x01, 0x00, 0x00,
    0x00, 0x00, 0x00, 0x00, 0x00, 0x00, 0x00, 0x00, 0x00, 0x00, 0x00, 0x00,
    0x00, 0x00, 0x00, 0x00, 0x00, 0x00, 0x00, 0x00, 0x00, 0x00, 0x00, 0x00,
    0x84, 0x46, 0x44, 0xc7, 0x63, 0xe7, 0x63, 0xe7, 0x64, 0xe7, 0x44, 0xe7,
    0x63, 0xe7, 0x63, 0xe7, 0x44, 0xe7, 0x64, 0xe7, 0x63, 0xe7, 0x43, 0xe7,
    0x64, 0xe7, 0x43, 0xe7, 0x63, 0xe7, 0x44, 0xe7, 0x43, 0xe7, 0x64, 0xe7,
    0x43, 0xe7, 0x63, 0xe7, 0x64, 0xe7, 0x43, 0xe7, 0x64, 0xe7, 0x64, 0xe7,
    0x43, 0xe7, 0x44, 0xe7, 0x64, 0xe7, 0x43, 0xe7, 0x64, 0xe7, 0x64, 0xe7,
    0x43, 0xd7, 0xe4, 0x5e, 0xe3, 0x14, 0x01, 0x01, 0x00, 0x00, 0x00, 0x00,
    0x00, 0x00, 0x00, 0x00, 0x00, 0x00, 0x00, 0x00, 0x00, 0x00, 0x00, 0x00,
    0x00, 0x00, 0x00, 0x00, 0x00, 0x00, 0x00, 0x00, 0x00, 0x00, 0x84, 0x46,
    0x44, 0xc7, 0x63, 0xdf, 0x63, 0xdf, 0x44, 0xdf, 0x64, 0xdf, 0x63, 0xdf,
    0x64, 0xdf, 0x43, 0xdf, 0x64, 0xdf, 0x63, 0xdf, 0x64, 0xdf, 0x64, 0xe7,
    0x63, 0xdf, 0x64, 0xdf, 0x64, 0xe7, 0x63, 0xdf, 0x63, 0xdf, 0x44, 0xe7,
    0x64, 0xdf, 0x63, 0xdf, 0x63, 0xe7, 0x64, 0xdf, 0x63, 0xe7, 0x63, 0xdf,
    0x64, 0xe7, 0x63, 0xdf, 0x63, 0xdf, 0x44, 0xe7, 0x64, 0xdf, 0x44, 0xd7,
    0x04, 0x77, 0xe3, 0x14, 0x01, 0x01, 0x00, 0x00, 0x00, 0x00, 0x00, 0x00,
    0x00, 0x00, 0x00, 0x00, 0x00, 0x00, 0x00, 0x00, 0x00, 0x00, 0x00, 0x00,
    0x00, 0x00, 0x00, 0x00, 0x00, 0x00, 0x00, 0x00, 0x84, 0x2e, 0x44, 0xb7,
    0x63, 0xdf, 0x64, 0xdf, 0x63, 0xe7, 0x63, 0xe7, 0x64, 0xdf, 0x43, 0xe7,
    0x64, 0xe7, 0x63, 0xdf, 0x44, 0xe7, 0x63, 0xdf, 0x43, 0xdf, 0x64, 0xe7,
    0x63, 0xdf, 0x44, 0xdf, 0x64, 0xe7, 0x63, 0xdf, 0x64, 0xe7, 0x44, 0xdf,
    0x63, 0xe7, 0x64, 0xdf, 0x44, 0xdf, 0x43, 0xe7, 0x64, 0xdf, 0x64, 0xdf,
    0x63, 0xe7, 0x64, 0xdf, 0x63, 0xe7, 0x63, 0xdf, 0x44, 0xd7, 0x04, 0x7f,
    0xe3, 0x14, 0x21, 0x01, 0x00, 0x00, 0x00, 0x00, 0x00, 0x00, 0x00, 0x00,
    0x00, 0x00, 0x00, 0x00, 0x00, 0x00, 0x00, 0x00, 0x00, 0x00, 0x00, 0x00,
    0x00, 0x00, 0x00, 0x00, 0x00, 0x00, 0x64, 0x2e, 0x24, 0xaf, 0x63, 0xdf,
    0x44, 0xdf, 0x44, 0xdf, 0x43, 0xdf, 0x44, 0xdf, 0x44, 0xdf, 0x63, 0xdf,
    0x44, 0xdf, 0x43, 0xdf, 0x44, 0xdf, 0x44, 0xdf, 0x43, 0xdf, 0x43, 0xdf,
    0x43, 0xdf, 0x44, 0xdf, 0x43, 0xdf, 0x63, 0xdf, 0x44, 0xdf, 0x43, 0xdf,
    0x43, 0xdf, 0x44, 0xdf, 0x63, 0xdf, 0x43, 0xdf, 0x44, 0xdf, 0x43, 0xdf,
    0x44, 0xdf, 0x43, 0xdf, 0x63, 0xdf, 0x44, 0xd7, 0x04, 0x7f, 0xe3, 0x14,
    0x20, 0x01, 0x00, 0x00, 0x00, 0x00, 0x00, 0x00, 0x00, 0x00, 0x00, 0x00,
    0x00, 0x00, 0x00, 0x00, 0x00, 0x00, 0x00, 0x00, 0x00, 0x00, 0x00, 0x00,
    0x00, 0x00, 0x00, 0x00, 0x64, 0x2e, 0x44, 0xaf, 0x43, 0xdf, 0x43, 0xdf,
    0x64, 0xd7, 0x63, 0xd7, 0x43, 0xdf, 0x64, 0xd7, 0x63, 0xd7, 0x43, 0xdf,
    0x64, 0xd7, 0x63, 0xdf, 0x64, 0xd7, 0x64, 0xdf, 0x63, 0xd7, 0x64, 0xdf,
    0x64, 0xd7, 0x43, 0xd7, 0x64, 0xdf, 0x63, 0xd7, 0x44, 0xd7, 0x63, 0xdf,
    0x64, 0xd7, 0x44, 0xd7, 0x63, 0xdf, 0x43, 0xd7, 0x64, 0xd7, 0x44, 0xdf,
    0x64, 0xdf, 0x63, 0xd7, 0x44, 0xd7, 0x04, 0x7f, 0xe3, 0x14, 0x01, 0x01,
    0x00, 0x00, 0x00, 0x00, 0x00, 0x00, 0x00, 0x00, 0x00, 0x00, 0x00, 0x00,
    0x00, 0x00, 0x00, 0x00, 0x00, 0x00, 0x00, 0x00, 0x00, 0x00, 0x00, 0x00,
    0x00, 0x00, 0x84, 0x2e, 0x44, 0xaf, 0x43, 0xdf, 0x64, 0xdf, 0x64, 0xd7,
    0x43, 0xdf, 0x64, 0xdf, 0x44, 0xd7, 0x43, 0xdf, 0x64, 0xdf, 0x64, 0xd7,
    0x43, 0xdf, 0x43, 0xdf, 0x64, 0xd7, 0x43, 0xdf, 0x44, 0xdf, 0x63, 0xd7,
    0x44, 0xdf, 0x43, 0xdf, 0x64, 0xd7, 0x64, 0xdf, 0x43, 0xdf, 0x63, 0xd7,
    0x44, 0xdf, 0x64, 0xdf, 0x63, 0xdf, 0x43, 0xd7, 0x64, 0xdf, 0x43, 0xd7,
    0x64, 0xdf, 0x44, 0xcf, 0x04, 0x77, 0x63, 0x1d, 0x41, 0x01, 0x00, 0x00,
    0x00, 0x00, 0x00, 0x00, 0x00, 0x00, 0x00, 0x00, 0x00, 0x00, 0x00, 0x00,
    0x00, 0x00, 0x00, 0x00, 0x00, 0x00, 0x00, 0x00, 0x00, 0x00, 0x00, 0x00,
    0x24, 0x26, 0x24, 0xa7, 0x63, 0xdf, 0x44, 0xd7, 0x44, 0xd7, 0x63, 0xd7,
    0x44, 0xd7, 0x64, 0xd7, 0x43, 0xd7, 0x44, 0xd7, 0x64, 0xd7, 0x44, 0xd7,
    0x44, 0xd7, 0x63, 0xd7, 0x44, 0xd7, 0x44, 0xd7, 0x63, 0xd7, 0x64, 0xd7,
    0x44, 0xd7, 0x43, 0xd7, 0x64, 0xd7, 0x44, 0xd7, 0x44, 0xd7, 0x63, 0xd7,
    0x44, 0xd7, 0x44, 0xd7, 0x64, 0xd7, 0x43, 0xd7, 0x44, 0xd7, 0x63, 0xd7,
    0x44, 0xcf, 0x04, 0x7f, 0xe4, 0x1d, 0x81, 0x01, 0x00, 0x00, 0x00, 0x00,
    0x00, 0x00, 0x00, 0x00, 0x00, 0x00, 0x00, 0x00, 0x00, 0x00, 0x00, 0x00,
    0x00, 0x00, 0x00, 0x00, 0x00, 0x00, 0x00, 0x00, 0x00, 0x00, 0x24, 0x26,
    0x24, 0xaf, 0x63, 0xd7, 0x44, 0xd7, 0x64, 0xd7, 0x43, 0xd7, 0x64, 0xd7,
    0x64, 0xd7, 0x43, 0xd7, 0x63, 0xd7, 0x64, 0xd7, 0x43, 0xd7, 0x64, 0xd7,
    0x64, 0xd7, 0x63, 0xd7, 0x44, 0xd7, 0x64, 0xd7, 0x63, 0xd7, 0x44, 0xd7,
    0x64, 0xd7, 0x43, 0xd7, 0x64, 0xd7, 0x64, 0xd7, 0x43, 0xd7, 0x64, 0xd7,
    0x64, 0xd7, 0x43, 0xd7, 0x64, 0xd7, 0x64, 0xd7, 0x43, 0xd7, 0x43, 0xcf,
    0x04, 0x77, 0x04, 0x0e, 0x81, 0x01, 0x00, 0x00, 0x00, 0x00, 0x00, 0x00,
    0x00, 0x00, 0x00, 0x00, 0x00, 0x00, 0x00, 0x00, 0x00, 0x00, 0x00, 0x00,
    0x00, 0x00, 0x00, 0x00, 0x00, 0x00, 0x00, 0x00, 0x24, 0x26, 0x44, 0xaf,
    0x63, 0xd7, 0x44, 0xcf, 0x44, 0xd7, 0x43, 0xd7, 0x44, 0xd7, 0x44, 0xcf,
    0x43, 0xd7, 0x44, 0xd7, 0x44, 0xd7, 0x43, 0xcf, 0x44, 0xd7, 0x44, 0xd7,
    0x43, 0xcf, 0x44, 0xd7, 0x44, 0xd7, 0x43, 0xd7, 0x44, 0xd7, 0x44, 0xd7,
    0x43, 0xd7, 0x43, 0xd7, 0x44, 0xd7, 0x44, 0xd7, 0x43, 0xcf, 0x44, 0xd7,
    0x43, 0xd7, 0x44, 0xd7, 0x44, 0xcf, 0x44, 0xd7, 0x64, 0xcf, 0x04, 0x7f,
    0x04, 0x0e, 0x81, 0x01, 0x00, 0x00, 0x00, 0x00, 0x00, 0x00, 0x00, 0x00,
    0x00, 0x00, 0x00, 0x00, 0x00, 0x00, 0x00, 0x00, 0x00, 0x00, 0x00, 0x00,
    0x00, 0x00, 0x00, 0x00, 0x00, 0x00, 0x24, 0x26, 0x24, 0xa7, 0x43, 0xcf,
    0x44, 0xcf, 0x43, 0xd7, 0x44, 0xcf, 0x43, 0xcf, 0x44, 0xd7, 0x44, 0xcf,
    0x44, 0xcf, 0x43, 0xd7, 0x44, 0xcf, 0x43, 0xd7, 0x44, 0xcf, 0x43, 0xcf,
    0x44, 0xd7, 0x43, 0xcf, 0x44, 0xcf, 0x43, 0xcf, 0x44, 0xcf, 0x64, 0xcf,
    0x43, 0xcf, 0x44, 0xcf, 0x44, 0xd7, 0x43, 0xcf, 0x44, 0xcf, 0x44, 0xd7,
    0x43, 0xcf, 0x43, 0xcf, 0x44, 0xd7, 0x64, 0xcf, 0x24, 0x8f, 0x24, 0x26,
    0x81, 0x01, 0x00, 0x00, 0x00, 0x00, 0x00, 0x00, 0x00, 0x00, 0x00, 0x00,
    0x00, 0x00, 0x00, 0x00, 0x00, 0x00, 0x00, 0x00, 0x00, 0x00, 0x00, 0x00,
    0x00, 0x00, 0x00, 0x00, 0x24, 0x26, 0x24, 0x8f, 0x44, 0xcf, 0x43, 0xd7,
    0x64, 0xcf, 0x64, 0xd7, 0x43, 0xcf, 0x63, 0xd7, 0x64, 0xd7, 0x43, 0xcf,
    0x64, 0xcf, 0x64, 0xd7, 0x43, 0xcf, 0x64, 0xd7, 0x64, 0xd7, 0x43, 0xcf,
    0x64, 0xd7, 0x64, 0xcf, 0x43, 0xd7, 0x44, 0xd7, 0x64, 0xcf, 0x43, 0xd7,
    0x44, 0xcf, 0x63, 0xd7, 0x64, 0xd7, 0x44, 0xcf, 0x63, 0xd7, 0x64, 0xcf,
    0x44, 0xd7, 0x43, 0xcf, 0x43, 0xcf, 0x24, 0x97, 0x24, 0x26, 0x81, 0x01,
    0x00, 0x00, 0x00, 0x00, 0x00, 0x00, 0x00, 0x00, 0x00, 0x00, 0x00, 0x00,
    0x00, 0x00, 0x00, 0x00, 0x00, 0x00, 0x00, 0x00, 0x00, 0x00, 0x00, 0x00,
    0x00, 0x00, 0x24, 0x26, 0x24, 0x87, 0x43, 0xc7, 0x44, 0xcf, 0x44, 0xcf,
    0x44, 0xcf, 0x44, 0xcf, 0x44, 0xcf, 0x43, 0xcf, 0x44, 0xcf, 0x44, 0xcf,
    0x43, 0xcf, 0x44, 0xcf, 0x44, 0xcf, 0x43, 0xcf, 0x44, 0xcf, 0x44, 0xcf,
    0x43, 0xcf, 0x44, 0xcf, 0x43, 0xcf, 0x44, 0xcf, 0x44, 0xcf, 0x43, 0xcf,
    0x44, 0xcf, 0x44, 0xcf, 0x43, 0xcf, 0x44, 0xcf, 0x44, 0xcf, 0x64, 0xcf,
    0x43, 0xcf, 0x44, 0xcf, 0x24, 0x9f, 0x44, 0x26, 0x81, 0x01, 0x00, 0x00,
    0x00, 0x00, 0x00, 0x00, 0x00, 0x00, 0x00, 0x00, 0x00, 0x00, 0x00, 0x00,
    0x00, 0x00, 0x00, 0x00, 0x00, 0x00, 0x00, 0x00, 0x00, 0x00, 0x00, 0x00,
    0x04, 0x0e, 0x24, 0x87, 0x43, 0xc7, 0x44, 0xcf, 0x43, 0xcf, 0x43, 0xc7,
    0x64, 0xcf, 0x44, 0xcf, 0x43, 0xc7, 0x64, 0xcf, 0x44, 0xcf, 0x43, 0xcf,
    0x64, 0xcf, 0x43, 0xc7, 0x44, 0xcf, 0x44, 0xcf, 0x43, 0xc7, 0x64, 0xcf,
    0x44, 0xcf, 0x63, 0xc7, 0x44, 0xcf, 0x64, 0xcf, 0x43, 0xcf, 0x44, 0xc7,
    0x63, 0xcf, 0x44, 0xcf, 0x43, 0xc7, 0x43, 0xcf, 0x44, 0xcf, 0x64, 0xc7,
    0x43, 0xc7, 0x24, 0x97, 0x24, 0x26, 0x01, 0x02, 0x00, 0x00, 0x00, 0x00,
    0x00, 0x00, 0x00, 0x00, 0x00, 0x00, 0x00, 0x00, 0x00, 0x00, 0x00, 0x00,
    0x00, 0x00, 0x00, 0x00, 0x00, 0x00, 0x00, 0x00, 0x00, 0x00, 0xe4, 0x1d,
    0x04, 0x7f, 0x44, 0xbf, 0x44, 0xcf, 0x63, 0xc7, 0x44, 0xcf, 0x43, 0xcf,
    0x64, 0xcf, 0x43, 0xc7, 0x44, 0xcf, 0x43, 0xcf, 0x64, 0xc7, 0x44, 0xcf,
    0x43, 0xcf, 0x64, 0xc7, 0x43, 0xcf, 0x64, 0xcf, 0x44, 0xcf, 0x43, 0xcf,
    0x44, 0xcf, 0x63, 0xc7, 0x44, 0xcf, 0x44, 0xcf, 0x63, 0xc7, 0x44, 0xcf,
    0x44, 0xcf, 0x64, 0xc7, 0x43, 0xcf, 0x44, 0xcf, 0x44, 0xcf, 0x43, 0xc7,
    0x24, 0x97, 0x24, 0x26, 0xa1, 0x02, 0x40, 0x00, 0x00, 0x00, 0x00, 0x00,
    0x00, 0x00, 0x00, 0x00, 0x00, 0x00, 0x00, 0x00, 0x00, 0x00, 0x00, 0x00,
    0x00, 0x00, 0x00, 0x00, 0x00, 0x00, 0x00, 0x00, 0xe4, 0x1d, 0x24, 0x7f,
    0x43, 0xbf, 0x44, 0xc7, 0x44, 0xc7, 0x44, 0xc7, 0x44, 0xbf, 0x43, 0xc7,
    0x44, 0xc7, 0x44, 0xc7, 0x43, 0xc7, 0x44, 0xbf, 0x44, 0xc7, 0x43, 0xc7,
    0x44, 0xc7, 0x44, 0xc7, 0x43, 0xbf, 0x44, 0xc7, 0x44, 0xc7, 0x43, 0xbf,
    0x44, 0xc7, 0x43, 0xc7, 0x44, 0xc7, 0x44, 0xc7, 0x43, 0xc7, 0x44, 0xc7,
    0x44, 0xc7, 0x43, 0xc7, 0x44, 0xbf, 0x44, 0xc7, 0x43, 0xc7, 0x24, 0x97,
    0x24, 0x26, 0xa1, 0x02, 0x40, 0x00, 0x00, 0x00, 0x00, 0x00, 0x00, 0x00,
    0x00, 0x00, 0x00, 0x00, 0x00, 0x00, 0x00, 0x00, 0x00, 0x00, 0x00, 0x00,
    0x00, 0x00, 0x00, 0x00, 0x00, 0x00, 0xe4, 0x1d, 0x04, 0x7f, 0x43, 0xbf,
    0x44, 0xbf, 0x43, 0xc7, 0x43, 0xc7, 0x44, 0xbf, 0x44, 0xc7, 0x43, 0xc7,
    0x44, 0xbf, 0x44, 0xc7, 0x43, 0xc7, 0x44, 0xc7, 0x44, 0xbf, 0x43, 0xc7,
    0x44, 0xc7, 0x43, 0xbf, 0x44, 0xc7, 0x44, 0xc7, 0x43, 0xc7, 0x44, 0xc7,
    0x44, 0xbf, 0x43, 0xc7, 0x44, 0xc7, 0x43, 0xbf, 0x43, 0xc7, 0x44, 0xc7,
    0x44, 0xbf, 0x43, 0xc7, 0x44, 0xbf, 0x44, 0xc7, 0x44, 0xa7, 0x24, 0x26,
    0xa2, 0x02, 0x60, 0x00, 0x00, 0x00, 0x00, 0x00, 0x00, 0x00, 0x00, 0x00,
    0x00, 0x00, 0x00, 0x00, 0x00, 0x00, 0x00, 0x00, 0x00, 0x00, 0x00, 0x00,
    0x00, 0x00, 0x00, 0x00, 0xe4, 0x15, 0x04, 0x67, 0x24, 0xaf, 0x44, 0xc7,
    0x43, 0xc7, 0x44, 0xc7, 0x44, 0xc7, 0x43, 0xc7, 0x44, 0xc7, 0x43, 0xbf,
    0x44, 0xc7, 0x43, 0xc7, 0x44, 0xbf, 0x43, 0xc7, 0x44, 0xc7, 0x44, 0xc7,
    0x43, 0xc7, 0x44, 0xbf, 0x43, 0xc7, 0x44, 0xc7, 0x44, 0xbf, 0x43, 0xc7,
    0x44, 0xc7, 0x44, 0xbf, 0x44, 0xc7, 0x43, 0xc7, 0x44, 0xbf, 0x44, 0xc7,
    0x43, 0xc7, 0x43, 0xc7, 0x44, 0xc7, 0x44, 0xaf, 0x24, 0x26, 0xa1, 0x02,
    0x40, 0x00, 0x00, 0x00, 0x00, 0x00, 0x00, 0x00, 0x00, 0x00, 0x00, 0x00,
    0x00, 0x00, 0x00, 0x00, 0x00, 0x00, 0x00, 0x00, 0x00, 0x00, 0x00, 0x00,
    0x00, 0x00, 0xe4, 0x1d, 0xe4, 0x5e, 0x44, 0xaf, 0x43, 0xc7, 0x44, 0xc7,
    0x44, 0xbf, 0x43, 0xc7, 0x44, 0xc7, 0x44, 0xbf, 0x43, 0xc7, 0x44, 0xc7,
    0x44, 0xc7, 0x43, 0xc7, 0x44, 0xc7, 0x44, 0xbf, 0x43, 0xc7, 0x44, 0xc7,
    0x44, 0xbf, 0x43, 0xc7, 0x44, 0xc7, 0x44, 0xbf, 0x43, 0xc7, 0x44, 0xc7,
    0x44, 0xc7, 0x43, 0xc7, 0x44, 0xc7, 0x44, 0xc7, 0x43, 0xc7, 0x44, 0xc7,
    0x44, 0xc7, 0x43, 0xc7, 0x44, 0xa7, 0x84, 0x2e, 0xe2, 0x02, 0x80, 0x00,
    0x00, 0x00, 0x00, 0x00, 0x00, 0x00, 0x00, 0x00, 0x00, 0x00, 0x00, 0x00,
    0x00, 0x00, 0x00, 0x00, 0x00, 0x00, 0x00, 0x00, 0x00, 0x00, 0x00, 0x00,
    0x43, 0x1d, 0xc4, 0x56, 0x44, 0xa7, 0x43, 0xbf, 0x44, 0xbf, 0x44, 0xbf,
    0x43, 0xbf, 0x44, 0xbf, 0x44, 0xbf, 0x43, 0xbf, 0x44, 0xbf, 0x44, 0xbf,
    0x43, 0xbf, 0x44, 0xbf, 0x43, 0xbf, 0x44, 0xbf, 0x44, 0xbf, 0x43, 0xbf,
    0x44, 0xbf, 0x43, 0xbf, 0x44, 0xbf, 0x43, 0xbf, 0x43, 0xbf, 0x44, 0xbf,
    0x43, 0xb7, 0x44, 0xbf, 0x44, 0xbf, 0x43, 0xbf, 0x44, 0xb7, 0x44, 0xbf,
    0x43, 0xbf, 0x24, 0xa7, 0x64, 0x2e, 0x82, 0x0b, 0xc0, 0x00, 0x00, 0x00,
    0x00, 0x00, 0x00, 0x00, 0x00, 0x00, 0x00, 0x00, 0x00, 0x00, 0x00, 0x00,
    0x00, 0x00, 0x00, 0x00, 0x00, 0x00, 0x00, 0x00, 0x00, 0x00, 0xe3, 0x14,
    0xc4, 0x5e, 0x24, 0xa7, 0x43, 0xbf, 0x44, 0xbf, 0x44, 0xbf, 0x43, 0xbf,
    0x44, 0xbf, 0x43, 0xbf, 0x44, 0xbf, 0x44, 0xb7, 0x43, 0xbf, 0x44, 0xbf,
    0x44, 0xb7, 0x43, 0xbf, 0x44, 0xbf, 0x43, 0xbf, 0x44, 0xbf, 0x44, 0xbf,
    0x43, 0xbf, 0x44, 0xbf, 0x44, 0xbf, 0x44, 0xbf, 0x44, 0xbf, 0x43, 0xbf,
    0x44, 0xbf, 0x43, 0xbf, 0x44, 0xbf, 0x43, 0xbf, 0x44, 0xbf, 0x44, 0xbf,
    0x24, 0xa7, 0x84, 0x2e, 0xc2, 0x0b, 0xc0, 0x00, 0x00, 0x00, 0x00, 0x00,
    0x00, 0x00, 0x00, 0x00, 0x00, 0x00, 0x00, 0x00, 0x00, 0x00, 0x00, 0x00,
    0x00, 0x00, 0x00, 0x00, 0x00, 0x00, 0x00, 0x00, 0x83, 0x14, 0x84, 0x46,
    0x24, 0xa7, 0x43, 0xbf, 0x24, 0xbf, 0x23, 0xbf, 0x44, 0xb7, 0x24, 0xbf,
    0x43, 0xbf, 0x24, 0xbf, 0x43, 0xbf, 0x24, 0xbf, 0x44, 0xbf, 0x23, 0xbf,
    0x44, 0xbf, 0x24, 0xbf, 0x43, 0xb7, 0x24, 0xbf, 0x44, 0xbf, 0x23, 0xbf,
    0x44, 0xb7, 0x24, 0xbf, 0x43, 0xbf, 0x24, 0xbf, 0x44, 0xbf, 0x43, 0xb7,
    0x24, 0xbf, 0x44, 0xbf, 0x23, 0xbf, 0x43, 0xbf, 0x44, 0xbf, 0x24, 0xa7,
    0x84, 0x46, 0xc2, 0x0b, 0xc1, 0x00, 0x00, 0x00, 0x00, 0x00, 0x00, 0x00,
    0x00, 0x00, 0x00, 0x00, 0x00, 0x00, 0x00, 0x00, 0x00, 0x00, 0x00, 0x00,
    0x00, 0x00, 0x00, 0x00, 0x00, 0x00, 0x83, 0x0c, 0x84, 0x46, 0x24, 0x9f,
    0x44, 0xb7, 0x44, 0xb7, 0x44, 0xb7, 0x44, 0xb7, 0x44, 0xb7, 0x24, 0xb7,
    0x44, 0xb7, 0x44, 0xb7, 0x44, 0xb7, 0x44, 0xb7, 0x43, 0xb7, 0x44, 0xb7,
    0x44, 0xb7, 0x24, 0xb7, 0x44, 0xb7, 0x44, 0xb7, 0x44, 0xb7, 0x44, 0xb7,
    0x43, 0xb7, 0x24, 0xb7, 0x44, 0xb7, 0x44, 0xb7, 0x24, 0xb7, 0x44, 0xb7,
    0x44, 0xb7, 0x44, 0xb7, 0x44, 0xb7, 0x44, 0xb7, 0x23, 0xa7, 0x84, 0x46,
    0xe3, 0x0b, 0xc0, 0x00, 0x00, 0x00, 0x00, 0x00, 0x00, 0x00, 0x00, 0x00,
    0x00, 0x00, 0x00, 0x00, 0x00, 0x00, 0x00, 0x00, 0x00, 0x00, 0x00, 0x00,
    0x00, 0x00, 0x00, 0x00, 0x83, 0x0c, 0x84, 0x46, 0x24, 0x9f, 0x44, 0xb7,
    0x43, 0xb7, 0x44, 0xb7, 0x43, 0xb7, 0x44, 0xb7, 0x44, 0xb7, 0x43, 0xb7,
    0x24, 0xb7, 0x44, 0xb7, 0x43, 0xb7, 0x24, 0xb7, 0x44, 0xb7, 0x44, 0xb7,
    0x43, 0xb7, 0x44, 0xb7, 0x43, 0xb7, 0x24, 0xb7, 0x44, 0xb7, 0x44, 0xb7,
    0x43, 0xb7, 0x44, 0xb7, 0x43, 0xb7, 0x44, 0xb7, 0x44, 0xb7, 0x23, 0xb7,
    0x44, 0xb7, 0x44, 0xb7, 0x44, 0xb7, 0x24, 0xaf, 0x84, 0x46, 0x83, 0x14,
    0x01, 0x01, 0x00, 0x00, 0x00, 0x00, 0x00, 0x00, 0x00, 0x00, 0x00, 0x00,
    0x00, 0x00, 0x00, 0x00, 0x00, 0x00, 0x00, 0x00, 0x00, 0x00, 0x00, 0x00,
    0x00, 0x00, 0xa2, 0x0b, 0x24, 0x26, 0x24, 0x9f, 0x43, 0xb7, 0x24, 0xb7,
    0x24, 0xb7, 0x44, 0xb7, 0x23, 0xb7, 0x44, 0xb7, 0x44, 0xb7, 0x23, 0xb7,
    0x44, 0xb7, 0x44, 0xb7, 0x24, 0xb7, 0x44, 0xb7, 0x43, 0xb7, 0x24, 0xb7,
    0x44, 0xb7, 0x43, 0xb7, 0x24, 0xb7, 0x44, 0xb7, 0x43, 0xb7, 0x24, 0xb7,
    0x44, 0xb7, 0x24, 0xb7, 0x43, 0xb7, 0x44, 0xb7, 0x24, 0xb7, 0x43, 0xb7,
    0x44, 0xb7, 0x23, 0xb7, 0x44, 0xa7, 0xe4, 0x46, 0xe3, 0x14, 0x21, 0x01,
    0x00, 0x00, 0x00, 0x00, 0x00, 0x00, 0x00, 0x00, 0x00, 0x00, 0x00, 0x00,
    0x00, 0x00, 0x00, 0x00, 0x00, 0x00, 0x00, 0x00, 0x00, 0x00, 0x00, 0x00,
    0x82, 0x03, 0x24, 0x26, 0x24, 0x97, 0x24, 0xaf, 0x24, 0xaf, 0x44, 0xaf,
    0x24, 0xaf, 0x23, 0xaf, 0x24, 0xaf, 0x24, 0xaf, 0x44, 0xaf, 0x23, 0xaf,
    0x24, 0xaf, 0x24, 0xaf, 0x23, 0xaf, 0x24, 0xaf, 0x24, 0xaf, 0x24, 0xaf,
    0x24, 0xaf, 0x44, 0xaf, 0x24, 0xaf, 0x24, 0xaf, 0x24, 0xaf, 0x24, 0xaf,
    0x24, 0xaf, 0x24, 0xaf, 0x24, 0xaf, 0x44, 0xaf, 0x24, 0xaf, 0x24, 0xaf,
    0x24, 0xaf, 0x43, 0xaf, 0xc4, 0x56, 0xe3, 0x14, 0x00, 0x01, 0x00, 0x00,
    0x00, 0x00, 0x00, 0x00, 0x00, 0x00, 0x00, 0x00, 0x00, 0x00, 0x00, 0x00,
    0x00, 0x00, 0x00, 0x00, 0x00, 0x00, 0x00, 0x00, 0x00, 0x00, 0x82, 0x0b,
    0x24, 0x26, 0x24, 0x8f, 0x44, 0xaf, 0x43, 0xaf, 0x44, 0xaf, 0x44, 0xaf,
    0x44, 0xaf, 0x23, 0xaf, 0x44, 0xaf, 0x44, 0xaf, 0x24, 0xaf, 0x43, 0xaf,
    0x44, 0xaf, 0x44, 0xaf, 0x44, 0xaf, 0x43, 0xaf, 0x44, 0xaf, 0x24, 0xaf,
    0x43, 0xaf, 0x43, 0xaf, 0x24, 0xaf, 0x43, 0xaf, 0x43, 0xaf, 0x44, 0xaf,
    0x43, 0xaf, 0x24, 0xaf, 0x43, 0xaf, 0x44, 0xaf, 0x24, 0xaf, 0x44, 0xaf,
    0x24, 0xaf, 0xe4, 0x5e, 0x23, 0x15, 0x21, 0x01, 0x00, 0x00, 0x00, 0x00,
    0x00, 0x00, 0x00, 0x00, 0x00, 0x00, 0x00, 0x00, 0x00, 0x00, 0x00, 0x00,
    0x00, 0x00, 0x00, 0x00, 0x00, 0x00, 0x00, 0x00, 0x42, 0x03, 0x04, 0x0e,
    0x24, 0x8f, 0x23, 0xaf, 0x24, 0xaf, 0x24, 0xb7, 0x23, 0xaf, 0x44, 0xaf,
    0x44, 0xaf, 0x23, 0xaf, 0x24, 0xaf, 0x44, 0xaf, 0x24, 0xaf, 0x43, 0xaf,
    0x24, 0xb7, 0x24, 0xaf, 0x43, 0xaf, 0x24, 0xb7, 0x24, 0xaf, 0x44, 0xaf,
    0x24, 0xb7, 0x44, 0xaf, 0x44, 0xaf, 0x24, 0xaf, 0x44, 0xaf, 0x24, 0xb7,
    0x43, 0xaf, 0x24, 0xaf, 0x23, 0xaf, 0x44, 0xaf, 0x43, 0xaf, 0x24, 0xa7,
    0x04, 0x67, 0xa4, 0x15, 0x61, 0x01, 0x00, 0x00, 0x00, 0x00, 0x00, 0x00,
    0x00, 0x00, 0x00, 0x00, 0x00, 0x00, 0x00, 0x00, 0x00, 0x00, 0x00, 0x00,
    0x00, 0x00, 0x00, 0x00, 0x00, 0x00, 0xa2, 0x02, 0xe4, 0x1d, 0x24, 0x87,
    0x24, 0xaf, 0x44, 0xaf, 0x44, 0xaf, 0x23, 0xaf, 0x24, 0xaf, 0x44, 0xaf,
    0x24, 0xaf, 0x43, 0xaf, 0x44, 0xaf, 0x24, 0xaf, 0x24, 0xaf, 0x44, 0xaf,
    0x24, 0xaf, 0x44, 0xa7, 0x23, 0xaf, 0x44, 0xaf, 0x24, 0xaf, 0x23, 0xaf,
    0x44, 0xaf, 0x24, 0xaf, 0x24, 0xaf, 0x24, 0xaf, 0x44, 0xaf, 0x24, 0xaf,
    0x44, 0xaf, 0x24, 0xaf, 0x24, 0xaf, 0x44, 0xaf, 0x24, 0x9f, 0x04, 0x67,
    0x04, 0x0e, 0x81, 0x01, 0x00, 0x00, 0x00, 0x00, 0x00, 0x00, 0x00, 0x00,
    0x00, 0x00, 0x00, 0x00, 0x00, 0x00, 0x00, 0x00, 0x00, 0x00, 0x00, 0x00,
    0x00, 0x00, 0x00, 0x00, 0x41, 0x02, 0xa3, 0x15, 0x04, 0x87, 0x44, 0xaf,
    0x43, 0xa7, 0x24, 0xa7, 0x44, 0xa7, 0x44, 0xaf, 0x24, 0xa7, 0x24, 0xaf,
    0x44, 0xa7, 0x23, 0xaf, 0x44, 0xa7, 0x44, 0xa7, 0x23, 0xa7, 0x44, 0xaf,
    0x24, 0xa7, 0x44, 0xa7, 0x43, 0xaf, 0x24, 0xa7, 0x44, 0xa7, 0x43, 0xa7,
    0x24, 0xa7, 0x43, 0xaf, 0x43, 0xa7, 0x24, 0xa7, 0x44, 0xa7, 0x43, 0xaf,
    0x24, 0xa7, 0x44, 0xa7, 0x23, 0xaf, 0x24, 0x9f, 0x04, 0x77, 0x24, 0x26,
    0x81, 0x01, 0x00, 0x00, 0x00, 0x00, 0x00, 0x00, 0x00, 0x00, 0x00, 0x00,
    0x00, 0x00, 0x00, 0x00, 0x00, 0x00, 0x00, 0x00, 0x00, 0x00, 0x00, 0x00,
    0x00, 0x00, 0x41, 0x02, 0xa4, 0x15, 0x04, 0x6f, 0x24, 0xa7, 0x24, 0xaf,
    0x23, 0xa7, 0x44, 0xaf, 0x24, 0xa7, 0x43, 0xa7, 0x44, 0xa7, 0x24, 0xaf,
    0x24, 0xa7, 0x43, 0xaf, 0x24, 0xa7, 0x44, 0xaf, 0x23, 0xa7, 0x24, 0xaf,
    0x44, 0xa7, 0x24, 0xa7, 0x44, 0xaf, 0x24, 0xa7, 0x24, 0xaf, 0x44, 0xa7,
    0x44, 0xa7, 0x24, 0xaf, 0x24, 0xa7, 0x43, 0xa7, 0x24, 0xaf, 0x44, 0xa7,
    0x43, 0xaf, 0x24, 0xa7, 0x24, 0xa7, 0x04, 0x7f, 0x24, 0x26, 0xc1, 0x01,
    0x00, 0x00, 0x00, 0x00, 0x00, 0x00, 0x00, 0x00, 0x00, 0x00, 0x00, 0x00,
    0x00, 0x00, 0x00, 0x00, 0x00, 0x00, 0x00, 0x00, 0x00, 0x00, 0x00, 0x00,
    0xc1, 0x01, 0xa4, 0x15, 0x04, 0x67, 0x24, 0x9f, 0x24, 0xa7, 0x24, 0xa7,
    0x23, 0x9f, 0x24, 0xa7, 0x24, 0xa7, 0x23, 0xa7, 0x24, 0x9f, 0x24, 0xa7,
    0x24, 0xa7, 0x24, 0x9f, 0x24, 0xa7, 0x23, 0xa7, 0x24, 0x9f, 0x24, 0xa7,
    0x23, 0xa7, 0x24, 0x9f, 0x23, 0xa7, 0x24, 0xa7, 0x24, 0xa7, 0x23, 0x9f,
    0x24, 0xa7, 0x24, 0xa7, 0x24, 0xa7, 0x24, 0x9f, 0x24, 0xa7, 0x24, 0xa7,
    0x24, 0x9f, 0x43, 0x9f, 0x04, 0x7f, 0x24, 0x26, 0x41, 0x02, 0x40, 0x00,
    0x00, 0x00, 0x00, 0x00, 0x00, 0x00, 0x00, 0x00, 0x00, 0x00, 0x00, 0x00,
    0x00, 0x00, 0x00, 0x00, 0x00, 0x00, 0x00, 0x00, 0x00, 0x00, 0x01, 0x01,
    0x63, 0x1d, 0x04, 0x67, 0x24, 0x9f, 0x23, 0x9f, 0x44, 0x9f, 0x24, 0xa7,
    0x24, 0x9f, 0x24, 0xa7, 0x23, 0x9f, 0x44, 0x9f, 0x24, 0xa7, 0x23, 0x9f,
    0x44, 0x9f, 0x24, 0xa7, 0x24, 0x9f, 0x44, 0x9f, 0x23, 0xa7, 0x24, 0xa7,
    0x44, 0x9f, 0x23, 0x9f, 0x24, 0xa7, 0x24, 0x9f, 0x23, 0xa7, 0x44, 0x9f,
    0x24, 0x9f, 0x23, 0xa7, 0x23, 0x9f, 0x24, 0x9f, 0x24, 0xa7, 0x23, 0xa7,
    0x44, 0x9f, 0x24, 0x87, 0x24, 0x2e, 0xa1, 0x02, 0x40, 0x00, 0x00, 0x00,
    0x00, 0x00, 0x00, 0x00, 0x00, 0x00, 0x00, 0x00, 0x00, 0x00, 0x00, 0x00,
    0x00, 0x00, 0x00, 0x00, 0x00, 0x00, 0x00, 0x00, 0x01, 0x01, 0x43, 0x1d,
    0x04, 0x57, 0x24, 0x97, 0x24, 0xa7, 0x24, 0x9f, 0x43, 0x9f, 0x24, 0xa7,
    0x44, 0x9f, 0x24, 0xa7, 0x24, 0x9f, 0x43, 0xa7, 0x24, 0x9f, 0x23, 0xa7,
    0x44, 0xa7, 0x24, 0x9f, 0x23, 0xa7, 0x44, 0x9f, 0x24, 0x9f, 0x24, 0xa7,
    0x44, 0x9f, 0x24, 0x9f, 0x44, 0xa7, 0x24, 0x9f, 0x24, 0xa7, 0x44, 0x9f,
    0x24, 0xa7, 0x44, 0xa7, 0x43, 0x9f, 0x24, 0x9f, 0x24, 0xa7, 0x24, 0x9f,
    0x24, 0x8f, 0x24, 0x26, 0xa2, 0x02, 0x60, 0x00, 0x00, 0x00, 0x00, 0x00,
    0x00, 0x00, 0x00, 0x00, 0x00, 0x00, 0x00, 0x00, 0x00, 0x00, 0x00, 0x00,
    0x00, 0x00, 0x00, 0x00, 0x00, 0x00, 0x21, 0x01, 0x23, 0x15, 0xe4, 0x4e,
    0x24, 0x8f, 0x24, 0xa7, 0x24, 0xa7, 0x24, 0x9f, 0x23, 0x9f, 0x24, 0x9f,
    0x24, 0xa7, 0x24, 0x9f, 0x24, 0x9f, 0x24, 0x9f, 0x24, 0x9f, 0x24, 0x9f,
    0x23, 0x9f, 0x24, 0x9f, 0x24, 0xa7, 0x24, 0x9f, 0x23, 0x9f, 0x24, 0x9f,
    0x23, 0xa7, 0x24, 0x9f, 0x23, 0x9f, 0x24, 0x9f, 0x23, 0xa7, 0x24, 0x97,
    0x24, 0xa7, 0x24, 0x9f, 0x24, 0x9f, 0x24, 0x9f, 0x23, 0xa7, 0x24, 0x8f,
    0x84, 0x2e, 0x42, 0x03, 0x80, 0x00, 0x00, 0x00, 0x00, 0x00, 0x00, 0x00,
    0x00, 0x00, 0x00, 0x00, 0x00, 0x00, 0x00, 0x00, 0x00, 0x00, 0x00, 0x00,
    0x00, 0x00, 0x00, 0x00, 0xc0, 0x00, 0x83, 0x14, 0xc4, 0x5e, 0x24, 0x8f,
    0x24, 0x97, 0x24, 0x9f, 0x24, 0x9f, 0x24, 0x97, 0x24, 0x9f, 0x24, 0x97,
    0x24, 0x9f, 0x24, 0x9f, 0x24, 0x97, 0x24, 0x9f, 0x24, 0x9f, 0x24, 0x9f,
    0x24, 0x97, 0x24, 0x9f, 0x24, 0x9f, 0x24, 0x9f, 0x24, 0x97, 0x24, 0x9f,
    0x24, 0x9f, 0x24, 0x97, 0x24, 0x9f, 0x24, 0x9f, 0x24, 0x97, 0x24, 0x9f,
    0x24, 0x9f, 0x24, 0x97, 0x24, 0x9f, 0x24, 0x9f, 0x24, 0x8f, 0x84, 0x2e,
    0xa2, 0x0b, 0xc0, 0x00, 0x00, 0x00, 0x00, 0x00, 0x00, 0x00, 0x00, 0x00,
    0x00, 0x00, 0x00, 0x00, 0x00, 0x00, 0x00, 0x00, 0x00, 0x00, 0x00, 0x00,
    0x00, 0x00, 0xc0, 0x00, 0x43, 0x0c, 0x84, 0x46, 0x04, 0x87, 0x24, 0x9f,
    0x24, 0x97, 0x24, 0x9f, 0x24, 0x9f, 0x24, 0x97, 0x23, 0x9f, 0x24, 0x97,
    0x24, 0x9f, 0x23, 0x9f, 0x24, 0x97, 0x24, 0x9f, 0x24, 0x97, 0x24, 0x9f,
    0x24, 0x97, 0x24, 0x97, 0x24, 0x9f, 0x24, 0x9f, 0x24, 0x97, 0x24, 0x9f,
    0x24, 0x9f, 0x24, 0x97, 0x24, 0x9f, 0x24, 0x97, 0x24, 0x9f, 0x23, 0x9f,
    0x24, 0x97, 0x24, 0x9f, 0x24, 0x97, 0x24, 0x8f, 0x84, 0x46, 0xa2, 0x0b,
    0xc0, 0x00, 0x00, 0x00, 0x00, 0x00, 0x00, 0x00, 0x00, 0x00, 0x00, 0x00,
    0x00, 0x00, 0x00, 0x00, 0x00, 0x00, 0x00, 0x00, 0x00, 0x00, 0x00, 0x00,
    0xc0, 0x00, 0x03, 0x0c, 0x64, 0x2e, 0x24, 0x87, 0x24, 0x9f, 0x23, 0x97,
    0x24, 0x9f, 0x24, 0x9f, 0x24, 0x97, 0x24, 0x9f, 0x24, 0x9f, 0x24, 0x97,
    0x24, 0x9f, 0x24, 0x9f, 0x24, 0x97, 0x23, 0x9f, 0x24, 0x9f, 0x24, 0x9f,
    0x23, 0x97, 0x24, 0x9f, 0x24, 0x9f, 0x24, 0x97, 0x24, 0x9f, 0x24, 0x97,
    0x24, 0x9f, 0x23, 0x9f, 0x24, 0x97, 0x24, 0x9f, 0x24, 0x97, 0x24, 0x9f,
    0x24, 0x9f, 0x23, 0x97, 0x24, 0x8f, 0x84, 0x46, 0x43, 0x0c, 0xc0, 0x00,
    0x00, 0x00, 0x00, 0x00, 0x00, 0x00, 0x00, 0x00, 0x00, 0x00, 0x00, 0x00,
    0x00, 0x00, 0x00, 0x00, 0x00, 0x00, 0x00, 0x00, 0x00, 0x00, 0x80, 0x00,
    0x82, 0x03, 0x24, 0x26, 0x24, 0x87, 0x24, 0x97, 0x24, 0x97, 0x24, 0x97,
    0x24, 0x97, 0x23, 0x97, 0x24, 0x97, 0x24, 0x97, 0x24, 0x97, 0x24, 0x97,
    0x24, 0x97, 0x24, 0x97, 0x24, 0x97, 0x24, 0x97, 0x24, 0x97, 0x24, 0x97,
    0x24, 0x97, 0x24, 0x97, 0x23, 0x97, 0x24, 0x97, 0x24, 0x97, 0x24, 0x97,
    0x24, 0x97, 0x24, 0x97, 0x24, 0x97, 0x24, 0x97, 0x24, 0x97, 0x24, 0x97,
    0x24, 0x97, 0x24, 0x8f, 0x84, 0x46, 0xe3, 0x14, 0x21, 0x01, 0x00, 0x00,
    0x00, 0x00, 0x00, 0x00, 0x00, 0x00, 0x00, 0x00, 0x00, 0x00, 0x00, 0x00,
    0x00, 0x00, 0x00, 0x00, 0x00, 0x00, 0x00, 0x00, 0x80, 0x00, 0xe2, 0x02,
    0x24, 0x26, 0x04, 0x7f, 0x24, 0x97, 0x24, 0x8f, 0x24, 0x8f, 0x24, 0x97,
    0x24, 0x8f, 0x24, 0x97, 0x24, 0x8f, 0x23, 0x97, 0x24, 0x8f, 0x24, 0x8f,
    0x24, 0x97, 0x24, 0x8f, 0x24, 0x8f, 0x24, 0x97, 0x24, 0x97, 0x24, 0x8f,
    0x24, 0x8f, 0x24, 0x97, 0x24, 0x97, 0x24, 0x8f, 0x23, 0x97, 0x24, 0x8f,
    0x24, 0x97, 0x24, 0x97, 0x23, 0x8f, 0x24, 0x97, 0x24, 0x97, 0x24, 0x97,
    0x04, 0x87, 0xc4, 0x5e, 0xe3, 0x14, 0x01, 0x01, 0x00, 0x00, 0x00, 0x00,
    0x00, 0x00, 0x00, 0x00, 0x00, 0x00, 0x00, 0x00, 0x00, 0x00, 0x00, 0x00,
    0x00, 0x00, 0x00, 0x00, 0x00, 0x00, 0x80, 0x00, 0x02, 0x03, 0xe4, 0x1d,
    0x04, 0x7f, 0x24, 0x97, 0x04, 0x97, 0x23, 0x97, 0x04, 0x97, 0x24, 0x97,
    0x24, 0x8f, 0x04, 0x97, 0x24, 0x97, 0x24, 0x97, 0x03, 0x97, 0x24, 0x97,
    0x24, 0x97, 0x03, 0x97, 0x24, 0x97, 0x24, 0x8f, 0x03, 0x97, 0x24, 0x97,
    0x24, 0x97, 0x04, 0x8f, 0x24, 0x97, 0x24, 0x97, 0x04, 0x8f, 0x24, 0x97,
    0x24, 0x97, 0x04, 0x8f, 0x24, 0x97, 0x24, 0x8f, 0x03, 0x97, 0x24, 0x8f,
    0xe4, 0x56, 0xa3, 0x15, 0x61, 0x01, 0x00, 0x00, 0x00, 0x00, 0x00, 0x00,
    0x00, 0x00, 0x00, 0x00, 0x00, 0x00, 0x00, 0x00, 0x00, 0x00, 0x00, 0x00,
    0x00, 0x00, 0x00, 0x00, 0x40, 0x00, 0x42, 0x02, 0xe4, 0x1d, 0x04, 0x6f,
    0x24, 0x8f, 0x24, 0x8f, 0x24, 0x8f, 0x24, 0x8f, 0x04, 0x8f, 0x23, 0x8f,
    0x24, 0x8f, 0x04, 0x8f, 0x24, 0x8f, 0x24, 0x8f, 0x24, 0x8f, 0x24, 0x8f,
    0x04, 0x8f, 0x24, 0x8f, 0x24, 0x8f, 0x24, 0x8f, 0x24, 0x8f, 0x24, 0x8f,
    0x03, 0x8f, 0x24, 0x8f, 0x24, 0x8f, 0x04, 0x8f, 0x23, 0x8f, 0x24, 0x8f,
    0x04, 0x8f, 0x24, 0x8f, 0x24, 0x8f, 0x24, 0x8f, 0x04, 0x87, 0x04, 0x57,
    0xe4, 0x1d, 0x81, 0x01, 0x00, 0x00, 0x00, 0x00, 0x00, 0x00, 0x00, 0x00,
    0x00, 0x00, 0x00, 0x00, 0x00, 0x00, 0x00, 0x00, 0x00, 0x00, 0x00, 0x00,
    0x00, 0x00, 0x40, 0x00, 0x01, 0x02, 0xa3, 0x15, 0x04, 0x67, 0x04, 0x87,
    0x24, 0x8f, 0x24, 0x8f, 0x24, 0x8f, 0x24, 0x8f, 0x24, 0x8f, 0x24, 0x8f,
    0x24, 0x8f, 0x04, 0x8f, 0x24, 0x8f, 0x24, 0x8f, 0x04, 0x8f, 0x24, 0x8f,
    0x24, 0x8f, 0x04, 0x8f, 0x24, 0x8f, 0x24, 0x8f, 0x04, 0x8f, 0x24, 0x8f,
    0x24, 0x8f, 0x24, 0x8f, 0x24, 0x8f, 0x24, 0x8f, 0x24, 0x8f, 0x24, 0x8f,
    0x03, 0x8f, 0x24, 0x8f, 0x24, 0x8f, 0x04, 0x87, 0x04, 0x67, 0x04, 0x0e,
    0xc1, 0x01, 0x00, 0x00, 0x00, 0x00, 0x00, 0x00, 0x00, 0x00, 0x00, 0x00,
    0x00, 0x00, 0x00, 0x00, 0x00, 0x00, 0x00, 0x00, 0x00, 0x00, 0x00, 0x00,
    0x00, 0x00, 0xc1, 0x01, 0xa4, 0x15, 0xe4, 0x5e, 0x04, 0x87, 0x23, 0x8f,
    0x04, 0x8f, 0x04, 0x8f, 0x23, 0x8f, 0x04, 0x8f, 0x24, 0x8f, 0x23, 0x8f,
    0x24, 0x8f, 0x04, 0x8f, 0x23, 0x8f, 0x24, 0x8f, 0x24, 0x8f, 0x23, 0x8f,
    0x04, 0x8f, 0x24, 0x8f, 0x23, 0x8f, 0x24, 0x8f, 0x24, 0x8f, 0x04, 0x8f,
    0x23, 0x8f, 0x24, 0x8f, 0x04, 0x8f, 0x24, 0x8f, 0x24, 0x8f, 0x24, 0x8f,
    0x24, 0x8f, 0x24, 0x8f, 0x04, 0x87, 0x04, 0x67, 0x24, 0x2e, 0x41, 0x02,
    0x40, 0x00, 0x00, 0x00, 0x00, 0x00, 0x00, 0x00, 0x00, 0x00, 0x00, 0x00,
    0x00, 0x00, 0x00, 0x00, 0x00, 0x00, 0x00, 0x00, 0x00, 0x00, 0x00, 0x00,
    0x01, 0x01, 0x63, 0x1d, 0x04, 0x57, 0x04, 0x87, 0x24, 0x87, 0x04, 0x87,
    0x04, 0x87, 0x24, 0x87, 0x04, 0x87, 0x04, 0x87, 0x04, 0x87, 0x04, 0x87,
    0x24, 0x87, 0x04, 0x87, 0x04, 0x87, 0x04, 0x87, 0x04, 0x87, 0x24, 0x87,
    0x04, 0x87, 0x04, 0x87, 0x04, 0x87, 0x04, 0x87, 0x04, 0x87, 0x04, 0x87,
    0x04, 0x87, 0x04, 0x87, 0x03, 0x87, 0x04, 0x87, 0x04, 0x87, 0x04, 0x87,
    0x04, 0x87, 0x23, 0x87, 0x04, 0x6f, 0x24, 0x26, 0xa2, 0x02, 0x40, 0x00,
    0x00, 0x00, 0x00, 0x00, 0x00, 0x00, 0x00, 0x00, 0x00, 0x00, 0x00, 0x00,
    0x00, 0x00, 0x00, 0x00, 0x00, 0x00, 0x00, 0x00, 0x00, 0x00, 0xc0, 0x00,
    0x43, 0x1d, 0xe4, 0x4e, 0x04, 0x7f, 0x24, 0x87, 0x24, 0x87, 0x24, 0x87,
    0x04, 0x87, 0x24, 0x87, 0x24, 0x87, 0x04, 0x87, 0x24, 0x87, 0x24, 0x87,
    0x04, 0x87, 0x23, 0x87, 0x24, 0x87, 0x04, 0x87, 0x24, 0x87, 0x23, 0x87,
    0x04, 0x87, 0x24, 0x87, 0x23, 0x87, 0x24, 0x87, 0x24, 0x87, 0x24, 0x87,
    0x24, 0x87, 0x24, 0x87, 0x04, 0x87, 0x24, 0x87, 0x23, 0x87, 0x04, 0x8f,
    0x24, 0x87, 0x04, 0x77, 0x24, 0x2e, 0x02, 0x03, 0x80, 0x00, 0x00, 0x00,
    0x00, 0x00, 0x00, 0x00, 0x00, 0x00, 0x00, 0x00, 0x00, 0x00, 0x00, 0x00,
    0x00, 0x00, 0x00, 0x00, 0x00, 0x00, 0x00, 0x00, 0xc0, 0x00, 0xe3, 0x14,
    0xe4, 0x3e, 0x04, 0x7f, 0x04, 0x87, 0x24, 0x87, 0x04, 0x87, 0x04, 0x87,
    0x24, 0x87, 0x24, 0x87, 0x04, 0x87, 0x04, 0x87, 0x24, 0x87, 0x04, 0x87,
    0x24, 0x87, 0x04, 0x87, 0x04, 0x87, 0x24, 0x87, 0x04, 0x87, 0x24, 0x87,
    0x04, 0x87, 0x04, 0x87, 0x24, 0x87, 0x04, 0x87, 0x04, 0x87, 0x24, 0x87,
    0x04, 0x87, 0x24, 0x87, 0x24, 0x87, 0x04, 0x87, 0x04, 0x87, 0x24, 0x87,
    0x04, 0x7f, 0x64, 0x2e, 0x82, 0x03, 0xc0, 0x00, 0x00, 0x00, 0x00, 0x00,
    0x00, 0x00, 0x00, 0x00, 0x00, 0x00, 0x00, 0x00, 0x00, 0x00, 0x00, 0x00,
    0x00, 0x00, 0x00, 0x00, 0x00, 0x00, 0x80, 0x00, 0x43, 0x0c, 0x84, 0x46,
    0x04, 0x77, 0x24, 0x87, 0x04, 0x7f, 0x24, 0x87, 0x04, 0x87, 0x04, 0x87,
    0x24, 0x87, 0x04, 0x87, 0x24, 0x87, 0x04, 0x7f, 0x24, 0x87, 0x04, 0x87,
    0x24, 0x87, 0x24, 0x87, 0x04, 0x7f, 0x04, 0x87, 0x24, 0x87, 0x04, 0x87,
    0x04, 0x87, 0x24, 0x87, 0x04, 0x87, 0x04, 0x87, 0x24, 0x87, 0x04, 0x87,
    0x04, 0x87, 0x24, 0x87, 0x04, 0x7f, 0x24, 0x87, 0x24, 0x7f, 0x04, 0x7f,
    0x84, 0x2e, 0xe2, 0x0b, 0xc0, 0x00, 0x00, 0x00, 0x00, 0x00, 0x00, 0x00,
    0x00, 0x00, 0x00, 0x00, 0x00, 0x00, 0x00, 0x00, 0x00, 0x00, 0x00, 0x00,
    0x00, 0x00, 0x00, 0x00, 0x80, 0x00, 0xe3, 0x0b, 0x64, 0x2e, 0x04, 0x6f,
    0x24, 0x7f, 0x04, 0x87, 0x24, 0x7f, 0x24, 0x7f, 0x04, 0x7f, 0x24, 0x7f,
    0x24, 0x87, 0x04, 0x7f, 0x24, 0x87, 0x04, 0x7f, 0x24, 0x7f, 0x04, 0x87,
    0x24, 0x7f, 0x04, 0x87, 0x24, 0x7f, 0x24, 0x7f, 0x24, 0x7f, 0x24, 0x7f,
    0x04, 0x7f, 0x24, 0x7f, 0x24, 0x7f, 0x04, 0x7f, 0x24, 0x7f, 0x04, 0x87,
    0x24, 0x7f, 0x04, 0x87, 0x04, 0x7f, 0x24, 0x87, 0x04, 0x77, 0x84, 0x46,
    0x83, 0x0c, 0x01, 0x01, 0x00, 0x00, 0x00, 0x00, 0x00, 0x00, 0x00, 0x00,
    0x00, 0x00, 0x00, 0x00, 0x00, 0x00, 0x00, 0x00, 0x00, 0x00, 0x00, 0x00,
    0x00, 0x00, 0x80, 0x00, 0x42, 0x03, 0x24, 0x26, 0x04, 0x67, 0x04, 0x7f,
    0x04, 0x7f, 0x04, 0x7f, 0x04, 0x7f, 0x04, 0x7f, 0x04, 0x7f, 0x04, 0x77,
    0x04, 0x7f, 0x04, 0x7f, 0x04, 0x7f, 0x04, 0x77, 0x04, 0x7f, 0x04, 0x7f,
    0x04, 0x7f, 0x04, 0x7f, 0x04, 0x7f, 0x04, 0x7f, 0x04, 0x7f, 0x04, 0x7f,
    0x04, 0x7f, 0x04, 0x7f, 0x04, 0x7f, 0x04, 0x7f, 0x04, 0x77, 0x04, 0x7f,
    0x04, 0x7f, 0x04, 0x7f, 0x04, 0x7f, 0x04, 0x77, 0xe4, 0x3e, 0xe3, 0x14,
    0x21, 0x01, 0x00, 0x00, 0x00, 0x00, 0x00, 0x00, 0x00, 0x00, 0x00, 0x00,
    0x00, 0x00, 0x00, 0x00, 0x00, 0x00, 0x00, 0x00, 0x00, 0x00, 0x00, 0x00,
    0x40, 0x00, 0x02, 0x03, 0x04, 0x0e, 0x04, 0x67, 0x04, 0x7f, 0x04, 0x77,
    0x04, 0x7f, 0x04, 0x7f, 0x04, 0x77, 0x04, 0x7f, 0x04, 0x7f, 0x04, 0x77,
    0x04, 0x7f, 0x24, 0x7f, 0x04, 0x77, 0x04, 0x7f, 0x04, 0x77, 0x04, 0x77,
    0x04, 0x7f, 0x04, 0x7f, 0x04, 0x77, 0x04, 0x7f, 0x04, 0x7f, 0x04, 0x77,
    0x04, 0x7f, 0x24, 0x7f, 0x04, 0x77, 0x04, 0x7f, 0x24, 0x7f, 0x04, 0x77,
    0x04, 0x77, 0x04, 0x7f, 0x04, 0x77, 0xe4, 0x46, 0x64, 0x1d, 0x61, 0x01,
    0x00, 0x00, 0x00, 0x00, 0x00, 0x00, 0x00, 0x00, 0x00, 0x00, 0x00, 0x00,
    0x00, 0x00, 0x00, 0x00, 0x00, 0x00, 0x00, 0x00, 0x00, 0x00, 0x40, 0x00,
    0x42, 0x02, 0xe4, 0x1d, 0x04, 0x5f, 0x04, 0x7f, 0x04, 0x77, 0x24, 0x7f,
    0x24, 0x77, 0x04, 0x77, 0x24, 0x7f, 0x24, 0x7f, 0x04, 0x77, 0x04, 0x77,
    0x24, 0x7f, 0x04, 0x7f, 0x04, 0x77, 0x24, 0x7f, 0x24, 0x7f, 0x04, 0x77,
    0x24, 0x77, 0x04, 0x7f, 0x24, 0x77, 0x24, 0x77, 0x04, 0x7f, 0x04, 0x77,
    0x24, 0x7f, 0x04, 0x77, 0x04, 0x7f, 0x24, 0x7f, 0x04, 0x77, 0x04, 0x7f,
    0x24, 0x77, 0x04, 0x77, 0xe4, 0x4e, 0xe4, 0x1d, 0x81, 0x01, 0x00, 0x00,
    0x00, 0x00, 0x00, 0x00, 0x00, 0x00, 0x00, 0x00, 0x00, 0x00, 0x00, 0x00,
    0x00, 0x00, 0x00, 0x00, 0x00, 0x00, 0x00, 0x00, 0x00, 0x00, 0x01, 0x02,
    0xa4, 0x15, 0x04, 0x57, 0x04, 0x77, 0x04, 0x7f, 0x04, 0x7f, 0x04, 0x7f,
    0x04, 0x77, 0x04, 0x7f, 0x04, 0x7f, 0x04, 0x77, 0x04, 0x7f, 0x04, 0x7f,
    0x04, 0x77, 0x04, 0x7f, 0x24, 0x7f, 0x04, 0x7f, 0x04, 0x77, 0x04, 0x7f,
    0x04, 0x7f, 0x04, 0x7f, 0x04, 0x7f, 0x04, 0x7f, 0x04, 0x7f, 0x04, 0x77,
    0x04, 0x7f, 0x04, 0x77, 0x04, 0x7f, 0x04, 0x7f, 0x24, 0x7f, 0x04, 0x77,
    0x04, 0x77, 0x04, 0x57, 0x04, 0x0e, 0x01, 0x02, 0x00, 0x00, 0x00, 0x00,
    0x00, 0x00, 0x00, 0x00, 0x00, 0x00, 0x00, 0x00, 0x00, 0x00, 0x00, 0x00,
    0x00, 0x00, 0x00, 0x00, 0x00, 0x00, 0x00, 0x00, 0x81, 0x01, 0xa4, 0x15,
    0xe4, 0x4e, 0x04, 0x6f, 0x04, 0x77, 0x04, 0x77, 0x04, 0x77, 0x04, 0x77,
    0x04, 0x77, 0x04, 0x77, 0x04, 0x77, 0x04, 0x77, 0x04, 0x77, 0x04, 0x77,
    0x04, 0x77, 0x04, 0x6f, 0x04, 0x77, 0x04, 0x77, 0x04, 0x77, 0x04, 0x77,
    0x04, 0x77, 0x04, 0x6f, 0x04, 0x77, 0x04, 0x77, 0x04, 0x77, 0x04, 0x77,
    0x04, 0x77, 0x04, 0x6f, 0x04, 0x77, 0x04, 0x77, 0x04, 0x77, 0x04, 0x77,
    0xe4, 0x5e, 0x44, 0x16, 0x41, 0x02, 0x40, 0x00, 0x00, 0x00, 0x00, 0x00,
    0x00, 0x00, 0x00, 0x00, 0x00, 0x00, 0x00, 0x00, 0x00, 0x00, 0x00, 0x00,
    0x00, 0x00, 0x00, 0x00, 0x00, 0x00, 0x01, 0x01, 0x63, 0x1d, 0xe4, 0x46,
    0x04, 0x67, 0x04, 0x77, 0x04, 0x6f, 0x04, 0x77, 0x04, 0x6f, 0x04, 0x77,
    0x04, 0x6f, 0x04, 0x77, 0x04, 0x6f, 0x04, 0x77, 0x04, 0x77, 0x04, 0x6f,
    0x04, 0x77, 0x04, 0x77, 0x04, 0x77, 0x04, 0x6f, 0x04, 0x77, 0x04, 0x77,
    0x04, 0x6f, 0x04, 0x77, 0x04, 0x77, 0x04, 0x6f, 0x04, 0x77, 0x04, 0x77,
    0x04, 0x77, 0x04, 0x6f, 0x04, 0x77, 0x04, 0x77, 0x04, 0x77, 0x04, 0x67,
    0x44, 0x16, 0x02, 0x03, 0x80, 0x00, 0x00, 0x00, 0x00, 0x00, 0x00, 0x00,
    0x00, 0x00, 0x00, 0x00, 0x00, 0x00, 0x00, 0x00, 0x00, 0x00, 0x00, 0x00,
    0x00, 0x00, 0x00, 0x00, 0x21, 0x01, 0xe3, 0x14, 0xc4, 0x36, 0x04, 0x67,
    0x04, 0x77, 0x04, 0x77, 0x04, 0x77, 0x04, 0x77, 0x04, 0x6f, 0x04, 0x77,
    0x04, 0x77, 0x04, 0x77, 0x04, 0x6f, 0x04, 0x77, 0x04, 0x77, 0x04, 0x77,
    0x04, 0x6f, 0x04, 0x77, 0x04, 0x77, 0x04, 0x6f, 0x04, 0x77, 0x04, 0x77,
    0x04, 0x77, 0x04, 0x6f, 0x04, 0x77, 0x04, 0x77, 0x04, 0x77, 0x04, 0x77,
    0x04, 0x77, 0x04, 0x6f, 0x04, 0x77, 0x04, 0x77, 0x04, 0x67, 0x64, 0x2e,
    0x82, 0x03, 0x80, 0x00, 0x00, 0x00, 0x00, 0x00, 0x00, 0x00, 0x00, 0x00,
    0x00, 0x00, 0x00, 0x00, 0x00, 0x00, 0x00, 0x00, 0x00, 0x00, 0x00, 0x00,
    0x00, 0x00, 0xc0, 0x00, 0x83, 0x14, 0x64, 0x2e, 0x04, 0x67, 0x04, 0x6f,
    0x04, 0x6f, 0x04, 0x6f, 0x04, 0x6f, 0x04, 0x6f, 0x04, 0x6f, 0x04, 0x6f,
    0x04, 0x6f, 0x04, 0x6f, 0x04, 0x6f, 0x04, 0x6f, 0x04, 0x6f, 0x04, 0x6f,
    0x04, 0x6f, 0x04, 0x6f, 0x04, 0x6f, 0x04, 0x6f, 0x04, 0x6f, 0x04, 0x6f,
    0x04, 0x6f, 0x04, 0x6f, 0x04, 0x6f, 0x04, 0x6f, 0x04, 0x6f, 0x04, 0x6f,
    0x04, 0x6f, 0x04, 0x6f, 0x04, 0x6f, 0x04, 0x67, 0x64, 0x2e, 0xe3, 0x0b,
    0xc0, 0x00, 0x00, 0x00, 0x00, 0x00, 0x00, 0x00, 0x00, 0x00, 0x00, 0x00,
    0x00, 0x00, 0x00, 0x00, 0x00, 0x00, 0x00, 0x00, 0x00, 0x00, 0x00, 0x00,
    0x80, 0x00, 0xe3, 0x0b, 0x64, 0x2e, 0x04, 0x5f, 0x04, 0x6f, 0x04, 0x6f,
    0x04, 0x6f, 0x04, 0x6f, 0x04, 0x6f, 0x04, 0x6f, 0x04, 0x6f, 0x04, 0x6f,
    0x04, 0x6f, 0x04, 0x6f, 0x04, 0x6f, 0x04, 0x6f, 0x04, 0x6f, 0x04, 0x6f,
    0x04, 0x6f, 0x04, 0x6f, 0x04, 0x6f, 0x04, 0x6f, 0x04, 0x6f, 0x04, 0x6f,
    0x04, 0x6f, 0x04, 0x6f, 0x04, 0x6f, 0x04, 0x6f, 0x04, 0x6f, 0x04, 0x6f,
    0x04, 0x6f, 0x04, 0x6f, 0x04, 0x67, 0x84, 0x26, 0x83, 0x0c, 0x01, 0x01,
    0x00, 0x00, 0x00, 0x00, 0x00, 0x00, 0x00, 0x00, 0x00, 0x00, 0x00, 0x00,
    0x00, 0x00, 0x00, 0x00, 0x00, 0x00, 0x00, 0x00, 0x00, 0x00, 0x80, 0x00,
    0x42, 0x03, 0x24, 0x26, 0xe4, 0x56, 0x04, 0x67, 0x04, 0x67, 0x04, 0x6f,
    0x04, 0x67, 0x04, 0x67, 0x04, 0x6f, 0x04, 0x67, 0x04, 0x67, 0x04, 0x6f,
    0x04, 0x67, 0x04, 0x67, 0x04, 0x6f, 0x04, 0x67, 0x04, 0x67, 0x04, 0x6f,
    0x04, 0x67, 0x04, 0x67, 0x04, 0x6f, 0x04, 0x67, 0x04, 0x67, 0x04, 0x67,
    0x04, 0x67, 0x04, 0x67, 0x04, 0x67, 0x04, 0x67, 0x04, 0x67, 0x04, 0x67,
    0x04, 0x67, 0x04, 0x67, 0xc4, 0x36, 0xe3, 0x14, 0x21, 0x01, 0x00, 0x00,
    0x00, 0x00, 0x00, 0x00, 0x00, 0x00, 0x00, 0x00, 0x00, 0x00, 0x00, 0x00,
    0x00, 0x00, 0x00, 0x00, 0x00, 0x00, 0x00, 0x00, 0x40, 0x00, 0xa2, 0x02,
    0xe4, 0x1d, 0x04, 0x57, 0x04, 0x6f, 0x04, 0x67, 0x04, 0x67, 0x04, 0x6f,
    0x04, 0x67, 0x04, 0x6f, 0x04, 0x67, 0x04, 0x67, 0x04, 0x6f, 0x04, 0x67,
    0x04, 0x67, 0x04, 0x6f, 0x04, 0x67, 0x04, 0x67, 0x04, 0x6f, 0x04, 0x67,
    0x04, 0x67, 0x04, 0x6f, 0x04, 0x67, 0x04, 0x6f, 0x04, 0x6f, 0x04, 0x67,
    0x04, 0x6f, 0x04, 0x6f, 0x04, 0x67, 0x04, 0x6f, 0x04, 0x6f, 0x04, 0x67,
    0x04, 0x67, 0xe4, 0x3e, 0xa4, 0x15, 0x41, 0x01, 0x00, 0x00, 0x00, 0x00,
    0x00, 0x00, 0x00, 0x00, 0x00, 0x00, 0x00, 0x00, 0x00, 0x00, 0x00, 0x00,
    0x00, 0x00, 0x00, 0x00, 0x00, 0x00, 0x40, 0x00, 0x41, 0x02, 0xa4, 0x15,
    0xe4, 0x4e, 0x04, 0x67, 0xe4, 0x66, 0x04, 0x67, 0x04, 0x67, 0xe4, 0x66,
    0x04, 0x67, 0x04, 0x67, 0xe4, 0x66, 0x04, 0x67, 0x04, 0x67, 0x04, 0x67,
    0xe4, 0x66, 0x04, 0x67, 0x04, 0x67, 0xe4, 0x66, 0x04, 0x67, 0x04, 0x67,
    0xe4, 0x66, 0x04, 0x67, 0x04, 0x67, 0x04, 0x67, 0x04, 0x67, 0x04, 0x67,
    0xe4, 0x66, 0x04, 0x67, 0x04, 0x67, 0xe4, 0x66, 0x04, 0x67, 0x04, 0x67,
    0xe4, 0x46, 0xe4, 0x1d, 0x81, 0x01, 0x00, 0x00, 0x00, 0x00, 0x00, 0x00,
    0x00, 0x00, 0x00, 0x00, 0x00, 0x00, 0x00, 0x00, 0x00, 0x00, 0x00, 0x00,
    0x00, 0x00, 0x00, 0x00, 0x00, 0x00, 0xc1, 0x01, 0xa4, 0x15, 0xe4, 0x46,
    0xe4, 0x5e, 0x04, 0x67, 0x04, 0x67, 0xe4, 0x66, 0x04, 0x67, 0x04, 0x67,
    0x04, 0x67, 0xe4, 0x66, 0x04, 0x67, 0x04, 0x67, 0xe4, 0x66, 0x04, 0x67,
    0x04, 0x67, 0x04, 0x67, 0xe4, 0x66, 0x04, 0x67, 0x04, 0x67, 0x04, 0x67,
    0xe4, 0x66, 0x04, 0x67, 0xe4, 0x66, 0x04, 0x67, 0x04, 0x67, 0xe4, 0x66,
    0x04, 0x67, 0x04, 0x67, 0xe4, 0x66, 0x04, 0x67, 0xe4, 0x66, 0xe4, 0x4e,
    0x04, 0x0e, 0x01, 0x02, 0x00, 0x00, 0x00, 0x00, 0x00, 0x00, 0x00, 0x00,
    0x00, 0x00, 0x00, 0x00, 0x00, 0x00, 0x00, 0x00, 0x00, 0x00, 0x00, 0x00,
    0x00, 0x00, 0x00, 0x00, 0x21, 0x01, 0x43, 0x1d, 0xe4, 0x3e, 0x04, 0x5f,
    0x04, 0x67, 0x04, 0x67, 0x04, 0x67, 0xe4, 0x66, 0x04, 0x67, 0x04, 0x67,
    0x04, 0x67, 0x04, 0x67, 0x04, 0x67, 0xe4, 0x66, 0x04, 0x67, 0x04, 0x67,
    0x04, 0x67, 0x04, 0x67, 0xe4, 0x66, 0x04, 0x67, 0x04, 0x67, 0x04, 0x67,
    0x04, 0x67, 0xe4, 0x66, 0x04, 0x67, 0x04, 0x67, 0x04, 0x67, 0x04, 0x67,
    0x04, 0x67, 0x04, 0x67, 0x04, 0x67, 0xe4, 0x5e, 0xe4, 0x4e, 0x44, 0x16,
    0x02, 0x03, 0x80, 0x00, 0x00, 0x00, 0x00, 0x00, 0x00, 0x00, 0x00, 0x00,
    0x00, 0x00, 0x00, 0x00, 0x00, 0x00, 0x00, 0x00, 0x00, 0x00, 0x00, 0x00,
    0x00, 0x00, 0xc0, 0x00, 0xe3, 0x14, 0xc4, 0x36, 0xe4, 0x56, 0xe4, 0x5e,
    0xe4, 0x5e, 0xe4, 0x5e, 0xe4, 0x5e, 0xe4, 0x5e, 0xe4, 0x5e, 0xe4, 0x5e,
    0xe4, 0x5e, 0xe4, 0x5e, 0x04, 0x5f, 0xe4, 0x5e, 0xe4, 0x5e, 0xe4, 0x5e,
    0xe4, 0x5e, 0xe4, 0x5e, 0xe4, 0x5e, 0xe4, 0x5e, 0xe4, 0x5e, 0xe4, 0x5e,
    0x04, 0x5f, 0xe4, 0x5e, 0xe4, 0x5e, 0xe4, 0x5e, 0xe4, 0x5e, 0xe4, 0x5e,
    0xe4, 0x5e, 0x04, 0x5f, 0x04, 0x5f, 0xe4, 0x5e, 0x44, 0x16, 0x82, 0x0b,
    0x80, 0x00, 0x00, 0x00, 0x00, 0x00, 0x00, 0x00, 0x00, 0x00, 0x00, 0x00,
    0x00, 0x00, 0x00, 0x00, 0x00, 0x00, 0x00, 0x00, 0x00, 0x00, 0x00, 0x00,
    0xc0, 0x00, 0x43, 0x0c, 0x84, 0x2e, 0xe4, 0x56, 0x05, 0x5f, 0x04, 0x5f,
    0x04, 0x5f, 0x04, 0x5f, 0x04, 0x5f, 0x04, 0x5f, 0xe4, 0x5e, 0x04, 0x5f,
    0x04, 0x5f, 0xe4, 0x5e, 0x04, 0x5f, 0xe4, 0x5e, 0x04, 0x5f, 0x04, 0x5f,
    0x04, 0x5f, 0x04, 0x5f, 0x04, 0x5f, 0xe4, 0x5e, 0x04, 0x5f, 0x04, 0x5f,
    0xe4, 0x5e, 0x04, 0x5f, 0x04, 0x5f, 0xe4, 0x5e, 0x04, 0x5f, 0xe4, 0x5e,
    0xe4, 0x5e, 0x04, 0x5f, 0xe4, 0x56, 0x84, 0x2e, 0x03, 0x0c, 0xc1, 0x00,
    0x00, 0x00, 0x00, 0x00, 0x00, 0x00, 0x00, 0x00, 0x00, 0x00, 0x00, 0x00,
    0x00, 0x00, 0x00, 0x00, 0x00, 0x00, 0x00, 0x00, 0x00, 0x00, 0x80, 0x00,
    0xa3, 0x0b, 0x44, 0x16, 0xe4, 0x4e, 0x04, 0x5f, 0xe4, 0x5e, 0xe4, 0x5e,
    0x05, 0x5f, 0xe4, 0x5e, 0x04, 0x5f, 0xe5, 0x5e, 0x04, 0x5f, 0xe4, 0x5e,
    0xe4, 0x5e, 0x04, 0x5f, 0x04, 0x5f, 0xe4, 0x5e, 0xe4, 0x5e, 0x04, 0x5f,
    0xe4, 0x5e, 0x04, 0x5f, 0xe4, 0x5e, 0x04, 0x5f, 0xe4, 0x5e, 0xe4, 0x5e,
    0x04, 0x5f, 0x05, 0x5f, 0xe4, 0x5e, 0x04, 0x5f, 0x05, 0x5f, 0xe4, 0x5e,
    0x04, 0x5f, 0xe4, 0x56, 0x64, 0x2e, 0x83, 0x14, 0x01, 0x01, 0x00, 0x00,
    0x00, 0x00, 0x00, 0x00, 0x00, 0x00, 0x00, 0x00, 0x00, 0x00, 0x00, 0x00,
    0x00, 0x00, 0x00, 0x00, 0x00, 0x00, 0x00, 0x00, 0x40, 0x00, 0x02, 0x03,
    0x04, 0x0e, 0xe4, 0x56, 0x04, 0x57, 0xe4, 0x56, 0xe4, 0x5e, 0x04, 0x57,
    0xe4, 0x56, 0xe4, 0x56, 0x04, 0x57, 0xe4, 0x56, 0x04, 0x57, 0xe5, 0x56,
    0x04, 0x57, 0xe4, 0x56, 0xe5, 0x56, 0x04, 0x57, 0xe4, 0x56, 0xe5, 0x56,
    0x04, 0x57, 0xe4, 0x56, 0xe5, 0x56, 0x04, 0x57, 0xe4, 0x56, 0xe4, 0x56,
    0x04, 0x57, 0xe4, 0x56, 0xe4, 0x56, 0x04, 0x57, 0x04, 0x57, 0xe5, 0x56,
    0x04, 0x57, 0xe5, 0x2e, 0x23, 0x15, 0x41, 0x01, 0x00, 0x00, 0x00, 0x00,
    0x00, 0x00, 0x00, 0x00, 0x00, 0x00, 0x00, 0x00, 0x00, 0x00, 0x00, 0x00,
    0x00, 0x00, 0x00, 0x00, 0x00, 0x00, 0x40, 0x00, 0x42, 0x02, 0xe4, 0x1d,
    0xe4, 0x46, 0x04, 0x57, 0x05, 0x57, 0xe4, 0x56, 0x04, 0x5f, 0x04, 0x57,
    0xe4, 0x5e, 0x04, 0x57, 0x04, 0x5f, 0xe4, 0x5e, 0x04, 0x57, 0xe4, 0x5e,
    0x04, 0x5f, 0x04, 0x57, 0x04, 0x5f, 0xe4, 0x56, 0x04, 0x5f, 0x04, 0x57,
    0xe4, 0x5e, 0x04, 0x57, 0x04, 0x57, 0x05, 0x5f, 0xe4, 0x56, 0x04, 0x57,
    0x04, 0x5f, 0xe4, 0x56, 0xe4, 0x5e, 0x04, 0x57, 0xe4, 0x5e, 0xe4, 0x56,
    0xe4, 0x36, 0xe4, 0x1d, 0x81, 0x01, 0x00, 0x00, 0x00, 0x00, 0x00, 0x00,
    0x00, 0x00, 0x00, 0x00, 0x00, 0x00, 0x00, 0x00, 0x00, 0x00, 0x00, 0x00,
    0x00, 0x00, 0x00, 0x00, 0x00, 0x00, 0xc1, 0x01, 0xa4, 0x15, 0xe4, 0x3e,
    0xe4, 0x4e, 0xe4, 0x56, 0x04, 0x57, 0xe4, 0x56, 0xe5, 0x56, 0x04, 0x57,
    0xe4, 0x56, 0xe5, 0x56, 0x04, 0x57, 0xe4, 0x56, 0x04, 0x57, 0xe4, 0x56,
    0xe4, 0x56, 0x05, 0x57, 0xe4, 0x5e, 0x04, 0x57, 0xe4, 0x56, 0x04, 0x57,
    0xe4, 0x5e, 0xe4, 0x56, 0x04, 0x57, 0xe4, 0x5e, 0xe4, 0x56, 0x05, 0x57,
    0x04, 0x57, 0xe4, 0x5e, 0x04, 0x57, 0xe4, 0x4e, 0xe4, 0x5e, 0xe4, 0x3e,
    0x04, 0x0e, 0x01, 0x02, 0x00, 0x00, 0x00, 0x00, 0x00, 0x00, 0x00, 0x00,
    0x00, 0x00, 0x00, 0x00, 0x00, 0x00, 0x00, 0x00, 0x00, 0x00, 0x00, 0x00,
    0x00, 0x00, 0x00, 0x00, 0x41, 0x01, 0x43, 0x1d, 0xc4, 0x36, 0xe4, 0x4e,
    0xe4, 0x56, 0xe4, 0x56, 0xe4, 0x4e, 0xe4, 0x4e, 0xe4, 0x56, 0xe4, 0x4e,
    0xe4, 0x4e, 0xe4, 0x56, 0xe5, 0x4e, 0xe4, 0x4e, 0xe4, 0x4e, 0xe4, 0x4e,
    0xe4, 0x4e, 0xe4, 0x4e, 0xe4, 0x4e, 0xe5, 0x4e, 0xe4, 0x4e, 0xe4, 0x56,
    0xe5, 0x4e, 0xe4, 0x4e, 0xe4, 0x4e, 0xe4, 0x56, 0xe4, 0x4e, 0xe4, 0x4e,
    0xe5, 0x4e, 0xe4, 0x4e, 0xe4, 0x4e, 0xe4, 0x4e, 0xe5, 0x46, 0x44, 0x16,
    0xa2, 0x02, 0x40, 0x00, 0x00, 0x00, 0x00, 0x00, 0x00, 0x00, 0x00, 0x00,
    0x00, 0x00, 0x00, 0x00, 0x00, 0x00, 0x00, 0x00, 0x00, 0x00, 0x00, 0x00,
    0x00, 0x00, 0xc0, 0x00, 0x24, 0x15, 0xc5, 0x26, 0xe4, 0x46, 0x04, 0x4f,
    0xe5, 0x4e, 0xe4, 0x4e, 0x04, 0x57, 0xe4, 0x4e, 0x04, 0x4f, 0xe4, 0x56,
    0xe4, 0x4e, 0x04, 0x4f, 0xe4, 0x56, 0xe4, 0x56, 0x05, 0x4f, 0xe4, 0x56,
    0xe4, 0x4e, 0xe4, 0x56, 0x04, 0x4f, 0xe4, 0x4e, 0xe4, 0x4e, 0x04, 0x57,
    0xe4, 0x4e, 0xe4, 0x4e, 0x04, 0x4f, 0xe4, 0x56, 0xe4, 0x4e, 0xe4, 0x4e,
    0x04, 0x57, 0xe4, 0x4e, 0xe4, 0x4e, 0xe4, 0x46, 0x44, 0x16, 0x42, 0x03,
    0x80, 0x00, 0x00, 0x00, 0x00, 0x00, 0x00, 0x00, 0x00, 0x00, 0x00, 0x00,
    0x00, 0x00, 0x00, 0x00, 0x00, 0x00, 0x00, 0x00, 0x00, 0x00, 0x00, 0x00,
    0x80, 0x00, 0x83, 0x14, 0x84, 0x2e, 0xe4, 0x46, 0xe4, 0x4e, 0xe4, 0x4e,
    0x04, 0x57, 0xe4, 0x4e, 0xe5, 0x4e, 0xe4, 0x4e, 0x04, 0x4f, 0xe5, 0x4e,
    0xe4, 0x4e, 0x04, 0x4f, 0xe4, 0x4e, 0xe4, 0x4e, 0x04, 0x4f, 0xe4, 0x56,
    0xe5, 0x4e, 0x04, 0x4f, 0xe4, 0x56, 0xe4, 0x4e, 0x04, 0x4f, 0xe4, 0x56,
    0xe5, 0x4e, 0x04, 0x4f, 0xe4, 0x4e, 0xe4, 0x56, 0x04, 0x4f, 0xe5, 0x4e,
    0xe4, 0x56, 0x04, 0x4f, 0xe5, 0x46, 0x84, 0x2e, 0x03, 0x0c, 0xc0, 0x00,
    0x00, 0x00, 0x00, 0x00, 0x00, 0x00, 0x00, 0x00, 0x00, 0x00, 0x00, 0x00,
    0x00, 0x00, 0x00, 0x00, 0x00, 0x00, 0x00, 0x00, 0x00, 0x00, 0x80, 0x00,
    0xe3, 0x0b, 0x44, 0x16, 0xe4, 0x3e, 0xe4, 0x56, 0xe4, 0x4e, 0xe4, 0x4e,
    0xe4, 0x4e, 0xe4, 0x56, 0xe4, 0x4e, 0xe4, 0x56, 0xe4, 0x4e, 0xe4, 0x56,
    0xe4, 0x4e, 0xe4, 0x4e, 0xe4, 0x56, 0xe4, 0x4e, 0xe4, 0x4e, 0xe4, 0x4e,
    0xe4, 0x4e, 0xe4, 0x56, 0xe5, 0x4e, 0xe4, 0x4e, 0xe4, 0x4e, 0xe4, 0x56,
    0xe4, 0x4e, 0xe5, 0x4e, 0xe4, 0x4e, 0xe4, 0x4e, 0xe4, 0x4e, 0xe4, 0x56,
    0xe4, 0x4e, 0xe4, 0x46, 0xc5, 0x26, 0xe3, 0x14, 0x21, 0x01, 0x00, 0x00,
    0x00, 0x00, 0x00, 0x00, 0x00, 0x00, 0x00, 0x00, 0x00, 0x00, 0x00, 0x00,
    0x00, 0x00, 0x00, 0x00, 0x00, 0x00, 0x00, 0x00, 0x40, 0x00, 0xe2, 0x02,
    0x04, 0x0e, 0xe4, 0x3e, 0xe4, 0x4e, 0xe5, 0x46, 0xe5, 0x46, 0xe4, 0x46,
    0xe5, 0x46, 0xe4, 0x46, 0xe5, 0x46, 0xe4, 0x46, 0xe5, 0x46, 0xe5, 0x46,
    0xe4, 0x46, 0xe5, 0x46, 0xe5, 0x46, 0xe4, 0x46, 0xe4, 0x46, 0xe5, 0x46,
    0xe4, 0x46, 0xe4, 0x46, 0xe5, 0x46, 0xe4, 0x46, 0xe4, 0x46, 0xe5, 0x46,
    0xe4, 0x46, 0xe4, 0x46, 0xe5, 0x46, 0xe4, 0x46, 0xe4, 0x46, 0xe5, 0x46,
    0xe4, 0x46, 0xc4, 0x26, 0xa4, 0x15, 0x41, 0x01, 0x00, 0x00, 0x00, 0x00,
    0x00, 0x00, 0x00, 0x00, 0x00, 0x00, 0x00, 0x00, 0x00, 0x00, 0x00, 0x00,
    0x00, 0x00, 0x00, 0x00, 0x00, 0x00, 0x40, 0x00, 0x42, 0x02, 0xe4, 0x1d,
    0xe4, 0x3e, 0xe4, 0x46, 0xe4, 0x46, 0xe4, 0x46, 0xe4, 0x46, 0xe4, 0x46,
    0xe4, 0x46, 0xe4, 0x46, 0xe4, 0x46, 0xe4, 0x46, 0xe4, 0x46, 0xe4, 0x46,
    0xe4, 0x46, 0xe4, 0x46, 0xe4, 0x46, 0xe5, 0x4e, 0xe4, 0x46, 0xe4, 0x46,
    0xe4, 0x46, 0xe4, 0x46, 0xe5, 0x46, 0xe4, 0x46, 0xe4, 0x46, 0xe4, 0x4e,
    0xe4, 0x46, 0xe5, 0x46, 0xe4, 0x46, 0xe4, 0x46, 0xe4, 0x46, 0xe4, 0x46,
    0xe4, 0x36, 0x04, 0x0e, 0xc1, 0x01, 0x00, 0x00, 0x00, 0x00, 0x00, 0x00,
    0x00, 0x00, 0x00, 0x00, 0x00, 0x00, 0x00, 0x00, 0x00, 0x00, 0x00, 0x00,
    0x00, 0x00, 0x00, 0x00, 0x00, 0x00, 0x81, 0x01, 0xa4, 0x15, 0xe4, 0x2e,
    0xe4, 0x3e, 0xe5, 0x4e, 0xe4, 0x46, 0xe4, 0x46, 0xe5, 0x4e, 0xe4, 0x46,
    0xe4, 0x46, 0xe5, 0x4e, 0xe4, 0x46, 0xe4, 0x46, 0xe5, 0x4e, 0xe4, 0x46,
    0xe4, 0x46, 0xe5, 0x46, 0xe4, 0x46, 0xe4, 0x46, 0xe5, 0x46, 0xe4, 0x46,
    0xe4, 0x4e, 0xe4, 0x46, 0xe5, 0x46, 0xe4, 0x46, 0xe4, 0x46, 0xe5, 0x46,
    0xe4, 0x4e, 0xe4, 0x46, 0xe5, 0x46, 0xe4, 0x46, 0xe4, 0x46, 0xe4, 0x36,
    0x44, 0x16, 0x42, 0x02, 0x40, 0x00, 0x00, 0x00, 0x00, 0x00, 0x00, 0x00,
    0x00, 0x00, 0x00, 0x00, 0x00, 0x00, 0x00, 0x00, 0x00, 0x00, 0x00, 0x00,
    0x00, 0x00, 0x00, 0x00, 0xc0, 0x00, 0x23, 0x15, 0xc5, 0x26, 0xe4, 0x3e,
    0xe4, 0x46, 0xe5, 0x46, 0xe4, 0x46, 0xe4, 0x46, 0xe5, 0x46, 0xe4, 0x46,
    0xe4, 0x46, 0xe5, 0x46, 0xe4, 0x46, 0xe4, 0x46, 0xe5, 0x46, 0xe4, 0x46,
    0xe4, 0x4e, 0xe4, 0x46, 0xe4, 0x46, 0xe5, 0x46, 0xe4, 0x46, 0xe4, 0x46,
    0xe4, 0x46, 0xe4, 0x46, 0xe5, 0x46, 0xe4, 0x46, 0xe4, 0x46, 0xe4, 0x46,
    0xe4, 0x46, 0xe5, 0x4e, 0xe4, 0x46, 0xe5, 0x46, 0xe4, 0x3e, 0x44, 0x16,
    0xe2, 0x02, 0x80, 0x00, 0x00, 0x00, 0x00, 0x00, 0x00, 0x00, 0x00, 0x00,
    0x00, 0x00, 0x00, 0x00, 0x00, 0x00, 0x00, 0x00, 0x00, 0x00, 0x00, 0x00,
    0x00, 0x00, 0xc0, 0x00, 0x83, 0x14, 0xc5, 0x26, 0xe4, 0x3e, 0xe4, 0x3e,
    0xe4, 0x46, 0xe4, 0x3e, 0xe4, 0x3e, 0xe4, 0x46, 0xe4, 0x3e, 0xe4, 0x3e,
    0xe4, 0x46, 0xe4, 0x3e, 0xe4, 0x46, 0xe4, 0x3e, 0xe4, 0x3e, 0xe5, 0x46,
    0xe4, 0x3e, 0xe4, 0x46, 0xe4, 0x46, 0xe5, 0x3e, 0xe4, 0x3e, 0xe4, 0x46,
    0xe5, 0x46, 0xe4, 0x3e, 0xe4, 0x46, 0xe4, 0x3e, 0xe5, 0x3e, 0xe4, 0x46,
    0xe4, 0x3e, 0xe4, 0x3e, 0xe4, 0x46, 0xe4, 0x3e, 0x64, 0x16, 0xe3, 0x0b,
    0xc0, 0x00, 0x00, 0x00, 0x00, 0x00, 0x00, 0x00, 0x00, 0x00, 0x00, 0x00,
    0x00, 0x00, 0x00, 0x00, 0x00, 0x00, 0x00, 0x00, 0x00, 0x00, 0x00, 0x00,
    0x80, 0x00, 0xe3, 0x0b, 0x44, 0x16, 0xc4, 0x36, 0xe4, 0x3e, 0xe5, 0x3e,
    0xe4, 0x46, 0xe5, 0x3e, 0xe4, 0x3e, 0xe5, 0x46, 0xe5, 0x3e, 0xe4, 0x3e,
    0xe5, 0x3e, 0xe4, 0x46, 0xe4, 0x3e, 0xe5, 0x3e, 0xe4, 0x3e, 0xe4, 0x3e,
    0xe5, 0x3e, 0xe4, 0x3e, 0xe4, 0x3e, 0xe5, 0x3e, 0xe4, 0x3e, 0xe4, 0x3e,
    0xe4, 0x3e, 0xe4, 0x46, 0xe5, 0x3e, 0xe4, 0x3e, 0xe4, 0x3e, 0xe4, 0x3e,
    0xe5, 0x3e, 0xe4, 0x3e, 0xe4, 0x3e, 0x64, 0x2e, 0x83, 0x0c, 0x21, 0x01,
    0x00, 0x00, 0x00, 0x00, 0x00, 0x00, 0x00, 0x00, 0x00, 0x00, 0x00, 0x00,
    0x00, 0x00, 0x00, 0x00, 0x00, 0x00, 0x00, 0x00, 0x00, 0x00, 0x40, 0x00,
    0xe2, 0x02, 0x04, 0x0e, 0xe4, 0x36, 0xe4, 0x3e, 0xc4, 0x3e, 0xe5, 0x3e,
    0xe4, 0x3e, 0xe4, 0x3e, 0xe4, 0x3e, 0xe4, 0x3e, 0xe4, 0x3e, 0xe4, 0x3e,
    0xe5, 0x3e, 0xe4, 0x3e, 0xe4, 0x3e, 0xe4, 0x3e, 0xe4, 0x3e, 0xe4, 0x3e,
    0xe4, 0x3e, 0xe4, 0x3e, 0xe4, 0x3e, 0xe5, 0x3e, 0xe4, 0x3e, 0xe4, 0x3e,
    0xe5, 0x3e, 0xe4, 0x3e, 0xe4, 0x3e, 0xe4, 0x3e, 0xc5, 0x3e, 0xe4, 0x3e,
    0xe5, 0x3e, 0xe4, 0x3e, 0xc5, 0x1e, 0x44, 0x1d, 0x41, 0x01, 0x00, 0x00,
    0x00, 0x00, 0x00, 0x00, 0x00, 0x00, 0x00, 0x00, 0x00, 0x00, 0x00, 0x00,
    0x00, 0x00, 0x00, 0x00, 0x00, 0x00, 0x00, 0x00, 0x40, 0x00, 0x42, 0x02,
    0xe4, 0x1d, 0xe4, 0x2e, 0xc4, 0x36, 0xe4, 0x3e, 0xe4, 0x3e, 0xc4, 0x3e,
    0xc4, 0x3e, 0xe4, 0x3e, 0xc5, 0x3e, 0xe4, 0x3e, 0xc4, 0x3e, 0xe4, 0x3e,
    0xc5, 0x3e, 0xe4, 0x3e, 0xc5, 0x3e, 0xe4, 0x3e, 0xc5, 0x3e, 0xe4, 0x3e,
    0xc4, 0x3e, 0xe5, 0x3e, 0xc4, 0x3e, 0xe4, 0x3e, 0xc5, 0x3e, 0xe4, 0x3e,
    0xc4, 0x3e, 0xe4, 0x3e, 0xe5, 0x3e, 0xc4, 0x3e, 0xe4, 0x3e, 0xe4, 0x3e,
    0xc4, 0x3e, 0xc4, 0x26, 0x04, 0x0e, 0xc1, 0x01, 0x00, 0x00, 0x00, 0x00,
    0x00, 0x00, 0x00, 0x00, 0x00, 0x00, 0x00, 0x00, 0x00, 0x00, 0x00, 0x00,
    0x00, 0x00, 0x00, 0x00, 0x00, 0x00, 0x00, 0x00, 0x81, 0x01, 0xa4, 0x15,
    0xc4, 0x26, 0xc5, 0x36, 0xc5, 0x36, 0xe4, 0x36, 0xc5, 0x36, 0xc4, 0x36,
    0xe4, 0x36, 0xc5, 0x36, 0xc4, 0x36, 0xc4, 0x36, 0xc4, 0x36, 0xe4, 0x36,
    0xc4, 0x36, 0xc4, 0x36, 0xc5, 0x36, 0xe4, 0x36, 0xc4, 0x36, 0xc5, 0x36,
    0xc4, 0x36, 0xe4, 0x36, 0xc4, 0x36, 0xc4, 0x36, 0xc4, 0x36, 0xc5, 0x36,
    0xc4, 0x36, 0xc4, 0x36, 0xe4, 0x36, 0xc4, 0x36, 0xc5, 0x36, 0xe4, 0x36,
    0xe4, 0x2e, 0x04, 0x0e, 0xa2, 0x02, 0x40, 0x00, 0x00, 0x00, 0x00, 0x00,
    0x00, 0x00, 0x00, 0x00, 0x00, 0x00, 0x00, 0x00, 0x00, 0x00, 0x00, 0x00,
    0x00, 0x00, 0x00, 0x00, 0x00, 0x00, 0xc0, 0x00, 0x23, 0x15, 0xc4, 0x26,
    0xe5, 0x2e, 0xe4, 0x36, 0xc4, 0x36, 0xe4, 0x36, 0xe5, 0x36, 0xc4, 0x36,
    0xe4, 0x36, 0xe5, 0x36, 0xe4, 0x36, 0xc5, 0x36, 0xe4, 0x36, 0xe4, 0x36,
    0xc4, 0x36, 0xe4, 0x36, 0xe4, 0x36, 0xc4, 0x36, 0xe4, 0x36, 0xe4, 0x36,
    0xc5, 0x36, 0xe4, 0x36, 0xe4, 0x36, 0xe5, 0x36, 0xe4, 0x36, 0xe4, 0x36,
    0xc5, 0x36, 0xe4, 0x36, 0xc4, 0x36, 0xc5, 0x36, 0xe4, 0x36, 0xc4, 0x2e,
    0x44, 0x16, 0x42, 0x03, 0x80, 0x00, 0x00, 0x00, 0x00, 0x00, 0x00, 0x00,
    0x00, 0x00, 0x00, 0x00, 0x00, 0x00, 0x00, 0x00, 0x00, 0x00, 0x00, 0x00,
    0x00, 0x00, 0x00, 0x00, 0x80, 0x00, 0x43, 0x0c, 0x64, 0x16, 0xe4, 0x2e,
    0xc4, 0x36, 0xc4, 0x36, 0xe4, 0x36, 0xc4, 0x36, 0xc4, 0x36, 0xe4, 0x36,
    0xe4, 0x36, 0xc4, 0x36, 0xe5, 0x36, 0xc4, 0x36, 0xe5, 0x36, 0xc4, 0x36,
    0xe4, 0x36, 0xc5, 0x36, 0xc4, 0x36, 0xe4, 0x36, 0xe5, 0x36, 0xc4, 0x36,
    0xc4, 0x36, 0xe5, 0x36, 0xc4, 0x36, 0xc4, 0x36, 0xe4, 0x36, 0xe5, 0x36,
    0xc4, 0x36, 0xe4, 0x36, 0xe4, 0x36, 0xc4, 0x36, 0xe5, 0x2e, 0x84, 0x16,
    0x43, 0x14, 0xc0, 0x00, 0x00, 0x00, 0x00, 0x00, 0x00, 0x00, 0x00, 0x00,
    0x00, 0x00, 0x00, 0x00, 0x00, 0x00, 0x00, 0x00, 0x00, 0x00, 0x00, 0x00,
    0x00, 0x00, 0x80, 0x00, 0xc3, 0x0b, 0x44, 0x16, 0xc5, 0x26, 0xe5, 0x2e,
    0xe5, 0x2e, 0xc5, 0x2e, 0xe4, 0x2e, 0xc5, 0x2e, 0xc5, 0x2e, 0xc4, 0x2e,
    0xe5, 0x2e, 0xc4, 0x2e, 0xc4, 0x2e, 0xe5, 0x2e, 0xc5, 0x2e, 0xe4, 0x2e,
    0xe5, 0x2e, 0xc5, 0x2e, 0xc4, 0x2e, 0xe5, 0x2e, 0xc4, 0x2e, 0xe4, 0x2e,
    0xc5, 0x2e, 0xc4, 0x2e, 0xe5, 0x2e, 0xc4, 0x2e, 0xc4, 0x2e, 0xe5, 0x2e,
    0xc5, 0x2e, 0xe4, 0x36, 0xc5, 0x2e, 0xc4, 0x2e, 0xc5, 0x16, 0x23, 0x15,
    0x21, 0x01, 0x00, 0x00, 0x00, 0x00, 0x00, 0x00, 0x00, 0x00, 0x00, 0x00,
    0x00, 0x00, 0x00, 0x00, 0x00, 0x00, 0x00, 0x00, 0x00, 0x00, 0x00, 0x00,
    0x40, 0x00, 0xa2, 0x02, 0x04, 0x0e, 0xc4, 0x26, 0xe4, 0x36, 0xc4, 0x36,
    0xe4, 0x2e, 0xe5, 0x36, 0xe4, 0x2e, 0xc4, 0x2e, 0xe5, 0x36, 0xe4, 0x2e,
    0xc4, 0x2e, 0xe5, 0x36, 0xe4, 0x2e, 0xc4, 0x36, 0xc4, 0x2e, 0xe4, 0x36,
    0xe4, 0x2e, 0xc5, 0x36, 0xe4, 0x36, 0xe4, 0x2e, 0xc5, 0x36, 0xe4, 0x2e,
    0xe4, 0x36, 0xe5, 0x2e, 0xc4, 0x36, 0xe4, 0x36, 0xc5, 0x2e, 0xe4, 0x2e,
    0xc4, 0x2e, 0xe5, 0x36, 0xc4, 0x2e, 0xc4, 0x26, 0xa4, 0x15, 0x81, 0x01,
    0x00, 0x00, 0x00, 0x00, 0x00, 0x00, 0x00, 0x00, 0x00, 0x00, 0x00, 0x00,
    0x00, 0x00, 0x00, 0x00, 0x00, 0x00, 0x00, 0x00, 0x00, 0x00, 0x00, 0x00,
    0xc1, 0x01, 0xa4, 0x15, 0xc4, 0x26, 0xc4, 0x2e, 0xc4, 0x2e, 0xc5, 0x2e,
    0xe4, 0x2e, 0xc4, 0x36, 0xe5, 0x2e, 0xc4, 0x2e, 0xc4, 0x36, 0xe5, 0x2e,
    0xc4, 0x2e, 0xe4, 0x2e, 0xc5, 0x2e, 0xc5, 0x36, 0xe4, 0x2e, 0xc4, 0x2e,
    0xc5, 0x2e, 0xe4, 0x2e, 0xc5, 0x2e, 0xc4, 0x2e, 0xe4, 0x36, 0xc5, 0x2e,
    0xc4, 0x2e, 0xe5, 0x2e, 0xe4, 0x2e, 0xc4, 0x36, 0xc5, 0x2e, 0xe4, 0x2e,
    0xe4, 0x2e, 0xc5, 0x2e, 0xc4, 0x26, 0x04, 0x0e, 0x01, 0x02, 0x00, 0x00,
    0x00, 0x00, 0x00, 0x00, 0x00, 0x00, 0x00, 0x00, 0x00, 0x00, 0x00, 0x00,
    0x00, 0x00, 0x00, 0x00, 0x00, 0x00, 0x00, 0x00, 0x00, 0x00, 0x01, 0x01,
    0x63, 0x1d, 0xc4, 0x1e, 0xc5, 0x26, 0xc5, 0x26, 0xc4, 0x26, 0xc4, 0x26,
    0xc5, 0x26, 0xc4, 0x26, 0xc4, 0x26, 0xc5, 0x2e, 0xc4, 0x26, 0xc4, 0x26,
    0xc5, 0x2e, 0xc4, 0x26, 0xc5, 0x26, 0xc4, 0x26, 0xc5, 0x26, 0xc4, 0x26,
    0xc4, 0x2e, 0xc5, 0x26, 0xc4, 0x26, 0xc5, 0x26, 0xc4, 0x26, 0xc4, 0x26,
    0xc5, 0x26, 0xc4, 0x26, 0xc4, 0x26, 0xc5, 0x2e, 0xc4, 0x26, 0xc4, 0x26,
    0xc5, 0x26, 0xc4, 0x26, 0x44, 0x16, 0x02, 0x03, 0x80, 0x00, 0x00, 0x00,
    0x00, 0x00, 0x00, 0x00, 0x00, 0x00, 0x00, 0x00, 0x00, 0x00, 0x00, 0x00,
    0x00, 0x00, 0x00, 0x00, 0x00, 0x00, 0x00, 0x00, 0xc0, 0x00, 0xe3, 0x14,
    0xc5, 0x0e, 0xc4, 0x26, 0xc4, 0x2e, 0xe5, 0x2e, 0xc4, 0x26, 0xc5, 0x2e,
    0xe4, 0x26, 0xc5, 0x26, 0xc5, 0x26, 0xe4, 0x26, 0xc5, 0x2e, 0xc4, 0x26,
    0xe4, 0x26, 0xc4, 0x26, 0xe5, 0x2e, 0xc4, 0x26, 0xc4, 0x26, 0xe5, 0x2e,
    0xc4, 0x26, 0xc4, 0x26, 0xe5, 0x2e, 0xc4, 0x26, 0xc4, 0x2e, 0xc5, 0x2e,
    0xc4, 0x26, 0xe5, 0x26, 0xc4, 0x26, 0xc5, 0x2e, 0xe4, 0x26, 0xc4, 0x2e,
    0xc5, 0x26, 0x84, 0x16, 0x03, 0x0c, 0xc0, 0x00, 0x00, 0x00, 0x00, 0x00,
    0x00, 0x00, 0x00, 0x00, 0x00, 0x00, 0x00, 0x00, 0x00, 0x00, 0x00, 0x00,
    0x00, 0x00, 0x00, 0x00, 0x00, 0x00, 0x80, 0x00, 0xe3, 0x0b, 0x44, 0x16,
    0xc4, 0x26, 0xc4, 0x26, 0xc5, 0x26, 0xe4, 0x26, 0xc4, 0x26, 0xc4, 0x2e,
    0xe4, 0x26, 0xc4, 0x26, 0xc4, 0x2e, 0xe5, 0x26, 0xc4, 0x26, 0xc4, 0x26,
    0xc5, 0x2e, 0xe4, 0x26, 0xc4, 0x26, 0xc5, 0x26, 0xe4, 0x26, 0xc4, 0x26,
    0xc5, 0x2e, 0xe4, 0x26, 0xc5, 0x26, 0xe4, 0x26, 0xc4, 0x26, 0xc5, 0x26,
    0xe4, 0x2e, 0xc4, 0x26, 0xc5, 0x26, 0xe4, 0x26, 0xc4, 0x26, 0xc5, 0x26,
    0xc5, 0x0e, 0xe3, 0x14, 0x01, 0x01, 0x00, 0x00, 0x00, 0x00, 0x00, 0x00,
    0x00, 0x00, 0x00, 0x00, 0x00, 0x00, 0x00, 0x00, 0x00, 0x00, 0x00, 0x00,
    0x00, 0x00, 0x00, 0x00, 0x40, 0x00, 0xe2, 0x02, 0xe4, 0x1d, 0xc4, 0x1e,
    0xc5, 0x26, 0xc4, 0x26, 0xc5, 0x26, 0xc4, 0x26, 0xc5, 0x2e, 0xc5, 0x26,
    0xc4, 0x26, 0xc4, 0x26, 0xc5, 0x26, 0xe4, 0x2e, 0xc5, 0x26, 0xc5, 0x26,
    0xc4, 0x2e, 0xc4, 0x26, 0xc5, 0x2e, 0xc4, 0x26, 0xc5, 0x26, 0xc4, 0x26,
    0xc4, 0x26, 0xc5, 0x26, 0xc4, 0x2e, 0xe4, 0x26, 0xc5, 0x26, 0xc4, 0x26,
    0xc4, 0x2e, 0xc5, 0x26, 0xc4, 0x26, 0xc4, 0x26, 0xc4, 0x26, 0xc4, 0x16,
    0xa4, 0x15, 0x41, 0x01, 0x00, 0x00, 0x00, 0x00, 0x00, 0x00, 0x00, 0x00,
    0x00, 0x00, 0x00, 0x00, 0x00, 0x00, 0x00, 0x00, 0x00, 0x00, 0x00, 0x00,
    0x00, 0x00, 0x00, 0x00, 0x01, 0x02, 0xa4, 0x15, 0xc4, 0x1e, 0xc4, 0x26,
    0xc5, 0x26, 0xc4, 0x26, 0xc4, 0x26, 0xc5, 0x26, 0xc4, 0x26, 0xc5, 0x26,
    0xc4, 0x26, 0xc4, 0x26, 0xc5, 0x26, 0xc4, 0x1e, 0xc4, 0x26, 0xc5, 0x26,
    0xc4, 0x26, 0xc4, 0x26, 0xc5, 0x26, 0xc4, 0x26, 0xc4, 0x26, 0xc5, 0x26,
    0xc4, 0x26, 0xc5, 0x26, 0xc4, 0x26, 0xc5, 0x26, 0xc4, 0x26, 0xc5, 0x1e,
    0xc4, 0x26, 0xc5, 0x26, 0xc5, 0x26, 0xc4, 0x1e, 0xc4, 0x1e, 0x04, 0x0e,
    0x01, 0x02, 0x00, 0x00, 0x00, 0x00, 0x00, 0x00, 0x00, 0x00, 0x00, 0x00,
    0x00, 0x00, 0x00, 0x00, 0x00, 0x00, 0x00, 0x00, 0x00, 0x00, 0x00, 0x00,
    0x00, 0x00, 0x21, 0x01, 0x23, 0x15, 0xc4, 0x16, 0xc5, 0x1e, 0xc4, 0x1e,
    0xc4, 0x1e, 0xc5, 0x1e, 0xc4, 0x1e, 0xc4, 0x1e, 0xc5, 0x1e, 0xc4, 0x26,
    0xc4, 0x1e, 0xc5, 0x1e, 0xc4, 0x26, 0xc4, 0x1e, 0xc5, 0x1e, 0xc4, 0x1e,
    0xc4, 0x1e, 0xc5, 0x1e, 0xc4, 0x26, 0xc5, 0x1e, 0xc4, 0x1e, 0xc4, 0x1e,
    0xc5, 0x1e, 0xc4, 0x1e, 0xc4, 0x26, 0xc5, 0x1e, 0xc4, 0x1e, 0xc4, 0x26,
    0xc4, 0x26, 0xc5, 0x1e, 0xc4, 0x1e, 0xc5, 0x1e, 0x44, 0x16, 0x02, 0x03,
    0x80, 0x00, 0x00, 0x00, 0x00, 0x00, 0x00, 0x00, 0x00, 0x00, 0x00, 0x00,
    0x00, 0x00, 0x00, 0x00, 0x00, 0x00, 0x00, 0x00, 0x00, 0x00, 0x00, 0x00,
    0xc0, 0x00, 0x83, 0x0c, 0x64, 0x16, 0xc5, 0x1e, 0xc4, 0x1e, 0xc4, 0x1e,
    0xc5, 0x1e, 0xc4, 0x1e, 0xc4, 0x1e, 0xc5, 0x1e, 0xc4, 0x1e, 0xc5, 0x1e,
    0xc4, 0x1e, 0xc4, 0x1e, 0xc5, 0x1e, 0xc4, 0x1e, 0xc5, 0x1e, 0xc4, 0x1e,
    0xc4, 0x1e, 0xc5, 0x1e, 0xc4, 0x1e, 0xc4, 0x1e, 0xc5, 0x1e, 0xc4, 0x1e,
    0xc4, 0x1e, 0xc5, 0x1e, 0xc4, 0x1e, 0xc4, 0x1e, 0xc5, 0x1e, 0xc4, 0x1e,
    0xc4, 0x1e, 0xc5, 0x1e, 0xc4, 0x1e, 0x84, 0x16, 0x03, 0x0c, 0x01, 0x01,
    0x00, 0x00, 0x00, 0x00, 0x00, 0x00, 0x00, 0x00, 0x00, 0x00, 0x00, 0x00,
    0x00, 0x00, 0x00, 0x00, 0x00, 0x00, 0x00, 0x00, 0x00, 0x00, 0x80, 0x00,
    0xa3, 0x0b, 0x44, 0x16, 0xc4, 0x1e, 0xc5, 0x1e, 0xc4, 0x1e, 0xc5, 0x1e,
    0xc4, 0x1e, 0xc4, 0x1e, 0xc5, 0x1e, 0xc4, 0x1e, 0xc4, 0x1e, 0xc5, 0x1e,
    0xc4, 0x1e, 0xc4, 0x1e, 0xc5, 0x1e, 0xc4, 0x1e, 0xc5, 0x1e, 0xc4, 0x1e,
    0xc4, 0x1e, 0xc5, 0x1e, 0xc4, 0x1e, 0xc5, 0x1e, 0xc4, 0x1e, 0xc4, 0x1e,
    0xc5, 0x1e, 0xc4, 0x1e, 0xc5, 0x1e, 0xc5, 0x1e, 0xc4, 0x1e, 0xc4, 0x1e,
    0xc5, 0x1e, 0xc4, 0x1e, 0xc4, 0x0e, 0x23, 0x15, 0x81, 0x01, 0x00, 0x00,
    0x00, 0x00, 0x00, 0x00, 0x00, 0x00, 0x00, 0x00, 0x00, 0x00, 0x00, 0x00,
    0x00, 0x00, 0x00, 0x00, 0x00, 0x00, 0x00, 0x00, 0x40, 0x00, 0xa2, 0x02,
    0x04, 0x0e, 0xc4, 0x16, 0xc4, 0x16, 0xc5, 0x16, 0xc4, 0x16, 0xc5, 0x16,
    0xc4, 0x16, 0xc4, 0x16, 0xc5, 0x16, 0xc4, 0x16, 0xc5, 0x16, 0xc4, 0x16,
    0xc4, 0x16, 0xc5, 0x16, 0xc4, 0x16, 0xc4, 0x16, 0xc5, 0x16, 0xc4, 0x16,
    0xc4, 0x16, 0xc5, 0x16, 0xc4, 0x16, 0xc5, 0x16, 0xc4, 0x16, 0xc4, 0x16,
    0xc5, 0x16, 0xc4, 0x16, 0xc4, 0x16, 0xc5, 0x16, 0xc4, 0x16, 0xc4, 0x16,
    0xc5, 0x16, 0xa5, 0x0e, 0xa4, 0x15, 0x01, 0x02, 0x00, 0x00, 0x00, 0x00,
    0x00, 0x00, 0x00, 0x00, 0x00, 0x00, 0x00, 0x00, 0x00, 0x00, 0x00, 0x00,
    0x00, 0x00, 0x00, 0x00, 0x00, 0x00, 0x00, 0x00, 0xc1, 0x01, 0xa4, 0x15,
    0xc4, 0x16, 0xc4, 0x16, 0xc5, 0x16, 0xc4, 0x16, 0xc4, 0x16, 0xc5, 0x16,
    0xc4, 0x16, 0xc4, 0x16, 0xc5, 0x16, 0xc4, 0x16, 0xc5, 0x16, 0xc4, 0x16,
    0xc4, 0x16, 0xc5, 0x16, 0xc4, 0x16, 0xc5, 0x16, 0xc4, 0x16, 0xc4, 0x16,
    0xc5, 0x16, 0xc4, 0x16, 0xc4, 0x16, 0xc5, 0x16, 0xc4, 0x16, 0xc4, 0x16,
    0xc4, 0x16, 0xc4, 0x16, 0xc5, 0x16, 0xc4, 0x16, 0xc4, 0x16, 0xc5, 0x16,
    0xc4, 0x16, 0x04, 0x0e, 0xe2, 0x02, 0x00, 0x00, 0x00, 0x00, 0x00, 0x00,
    0x00, 0x00, 0x00, 0x00, 0x00, 0x00, 0x00, 0x00, 0x00, 0x00, 0x00, 0x00,
    0x00, 0x00, 0x00, 0x00, 0x00, 0x00, 0xc0, 0x00, 0x23, 0x15, 0xa5, 0x0e,
    0xc5, 0x16, 0xc4, 0x16, 0xc4, 0x16, 0xc5, 0x16, 0xc4, 0x16, 0xc5, 0x16,
    0xc4, 0x16, 0xa4, 0x16, 0xc5, 0x16, 0xc4, 0x16, 0xc4, 0x16, 0xa5, 0x16,
    0xc4, 0x16, 0xc4, 0x16, 0xc5, 0x16, 0xc4, 0x16, 0xc5, 0x16, 0xc4, 0x16,
    0xc4, 0x16, 0xa5, 0x16, 0xc4, 0x16, 0xc5, 0x16, 0xa5, 0x16, 0xc4, 0x16,
    0xc5, 0x16, 0xa4, 0x16, 0xc5, 0x16, 0xc4, 0x16, 0xa4, 0x16, 0xc4, 0x16,
    0x44, 0x16, 0xe3, 0x0b, 0x00, 0x00, 0x00, 0x00, 0x00, 0x00, 0x00, 0x00,
    0x00, 0x00, 0x00, 0x00, 0x00, 0x00, 0x00, 0x00, 0x00, 0x00, 0x00, 0x00,
    0x00, 0x00, 0x00, 0x00, 0x80, 0x00, 0x03, 0x0c, 0x44, 0x16, 0xc4, 0x16,
    0xc4, 0x16, 0xa5, 0x16, 0xa4, 0x16, 0xc4, 0x16, 0xa5, 0x16, 0xc4, 0x16,
    0xc4, 0x16, 0xa5, 0x16, 0xc4, 0x16, 0xc5, 0x16, 0xc4, 0x16, 0xa4, 0x16,
    0xc5, 0x16, 0xa4, 0x16, 0xc4, 0x16, 0xa5, 0x16, 0xc4, 0x16, 0xc5, 0x16,
    0xa4, 0x16, 0xc4, 0x16, 0xc4, 0x16, 0xc5, 0x16, 0xc4, 0x16, 0xc4, 0x16,
    0xa5, 0x16, 0xc4, 0x16, 0xc5, 0x16, 0xc4, 0x16, 0xc4, 0x16, 0x64, 0x0e,
    0xe3, 0x14, 0x00, 0x00, 0x00, 0x00, 0x00, 0x00, 0x00, 0x00, 0x00, 0x00,
    0x00, 0x00, 0x00, 0x00, 0x00, 0x00, 0x00, 0x00, 0x00, 0x00, 0x00, 0x00,
    0x00, 0x00, 0x80, 0x00, 0x42, 0x03, 0x04, 0x0e, 0xa5, 0x0e, 0xc4, 0x16,
    0xc5, 0x16, 0xc4, 0x16, 0xc4, 0x16, 0xc5, 0x16, 0xc4, 0x16, 0xc5, 0x16,
    0xc4, 0x16, 0xa4, 0x16, 0xc5, 0x16, 0xc4, 0x16, 0xc5, 0x16, 0xc4, 0x16,
    0xc4, 0x16, 0xa5, 0x16, 0xc4, 0x16, 0xc4, 0x16, 0xc5, 0x16, 0xc4, 0x16,
    0xc4, 0x16, 0xa5, 0x16, 0xc4, 0x16, 0xc4, 0x16, 0xa5, 0x16, 0xc4, 0x16,
    0xc4, 0x16, 0xa5, 0x16, 0xc5, 0x16, 0xa5, 0x0e, 0xa5, 0x0e, 0xa4, 0x15,
    0x00, 0x00, 0x00, 0x00, 0x00, 0x00, 0x00, 0x00, 0x00, 0x00, 0x00, 0x00,
    0x00, 0x00, 0x00, 0x00, 0x00, 0x00, 0x00, 0x00, 0x00, 0x00, 0x00, 0x00,
    0x40, 0x00, 0x01, 0x02, 0xa4, 0x15, 0xa5, 0x0e, 0xa4, 0x0e, 0xc5, 0x0e,
    0xa5, 0x0e, 0xa5, 0x0e, 0xa4, 0x0e, 0xa5, 0x0e, 0xa5, 0x0e, 0xa4, 0x0e,
    0xa5, 0x0e, 0xa5, 0x0e, 0xa4, 0x0e, 0xa5, 0x0e, 0xa5, 0x0e, 0xa5, 0x0e,
    0xc5, 0x0e, 0xa4, 0x0e, 0xa5, 0x0e, 0xa5, 0x0e, 0xa5, 0x0e, 0xa5, 0x0e,
    0xa5, 0x0e, 0xa4, 0x0e, 0xa5, 0x0e, 0xa5, 0x0e, 0xc4, 0x0e, 0xa5, 0x0e,
    0xa4, 0x0e, 0xc4, 0x0e, 0xa4, 0x0e, 0xc5, 0x0e, 0x84, 0x0e, 0x00, 0x00,
    0x00, 0x00, 0x00, 0x00, 0x00, 0x00, 0x00, 0x00, 0x00, 0x00, 0x00, 0x00,
    0x00, 0x00, 0x00, 0x00, 0x00, 0x00, 0x00, 0x00, 0x00, 0x00, 0x00, 0x00,
    0x41, 0x01, 0x23, 0x15, 0xc4, 0x0e, 0xa5, 0x0e, 0xc4, 0x0e, 0xa4, 0x0e,
    0xc5, 0x0e, 0xc4, 0x0e, 0xa4, 0x0e, 0xc5, 0x0e, 0xc4, 0x0e, 0xc5, 0x0e,
    0xc4, 0x0e, 0xa4, 0x0e, 0xc5, 0x0e, 0xc4, 0x0e, 0xa4, 0x0e, 0xc5, 0x0e,
    0xc4, 0x0e, 0xa4, 0x0e, 0xc4, 0x0e, 0xc4, 0x0e, 0xc5, 0x0e, 0xc4, 0x0e,
    0xc4, 0x0e, 0xa5, 0x0e, 0xc4, 0x0e, 0xc5, 0x0e, 0xa5, 0x0e, 0xc4, 0x0e,
    0xc5, 0x0e, 0xa4, 0x0e, 0xa4, 0x0e, 0x84, 0x16, 0x00, 0x00, 0x00, 0x00,
    0x00, 0x00, 0x00, 0x00, 0x00, 0x00, 0x00, 0x00, 0x00, 0x00, 0x00, 0x00,
    0x00, 0x00, 0x00, 0x00, 0x00, 0x00, 0x00, 0x00, 0x00, 0x00, 0xc1, 0x00,
    0x83, 0x14, 0x44, 0x16, 0x04, 0x0e, 0x04, 0x0e, 0x04, 0x0e, 0x04, 0x0e,
    0x04, 0x0e, 0x04, 0x0e, 0x04, 0x0e, 0x04, 0x0e, 0x04, 0x0e, 0x04, 0x0e,
    0x04, 0x0e, 0x04, 0x0e, 0x04, 0x0e, 0x04, 0x0e, 0x04, 0x0e, 0x04, 0x0e,
    0x04, 0x0e, 0x04, 0x0e, 0x04, 0x0e, 0x04, 0x0e, 0x04, 0x0e, 0x04, 0x0e,
    0x04, 0x0e, 0x04, 0x0e, 0x04, 0x0e, 0x04, 0x0e, 0x04, 0x0e, 0x04, 0x0e,
    0x44, 0x16, 0x84, 0x0e, 0x04, 0x0e, 0x00, 0x00, 0x00, 0x00
};
